AuthorityName,authority_id,Region,Sector,FOISA requests,FOISA closed - unclear,FOISA closed - withdrawn,FOISA fees notice,FOISA - fees paid,FOISA response on time,FOISA response late,FOISA - faliure to respond,FOISA refused - cost,FOISA - vexatious,FOISA - repeated,FOISA - full release,FOISA - none released,FOISA - some released,FOISA - none held ,FOISA - no confirm/deny,EIR requests,EIR closed - unclear ,EIR closed - withdrawn,EIRs fees notice,EIRs - fees paid,EIRs response on time,EIRs response late,EIRs - failure to respond,EIR timescale extended,EIRs refused - cost,EIRs - manifestly unreasonable,EIRs - full release,EIRs - none released ,EIRs - some released,EIRs - none held,EIRs - no confirm/deny,Subject Access Requests,FOISA reviews ,FOISA review - on time,FOISA review - late response,FOISA review - failure to respond,FOISA review - wholly/partially upheld,FOISA review - substituted decision,FOISA review - decision reached ,EIRs reviews,EIRs review - on time,EIRs review - late response ,EIRs review - failure to respond,EIR review - upheld,EIR review - not upheld,Otherwise accessible,Publication Scheme ,Disclosure prohibited: enactment ,Disclosure prohibited: EU obligation,Disclosure prohibited: Contempt of Court,Future publication: 12 weeks,Future publication: programme of research,Substantial prejudice to UK relations ,Formulation/development of government policy,Ministerial communications,Advice by Law Officers,Operation of Ministerial private office,Substantial prejudice to collective responsibility of Scottish Ministers,Substantial inhibition to free and frank provision of advice,Substantial inhibition to free and frank exchange of views,Substantial prejudice to effective conduct of public affairs,National security,Substantial prejudice to defence ,Substantial prejudice to international relations,Confidential information obtained from abroad,Trade secret,Substantial prejudice to commercial interests,Substantial prejudice to the economic interests of the UK,Substantial prejudice to the financial interests of a UK administration,Information held for the purposes of a criminal investigation,Information held for ongoing Fatal Accident Inquiry,Information held regarding cause of death,Information relating to the obtaining of information from confidential sources,Information held for purposes of civil proceedings arising out of investigations,Substantial prejudice to prevention or detection of crime,Substantial prejudice to apprehension or prosecution of offenders,Substantial prejudice to administration of justice,Substantial prejudice to assessment or collection of tax or duty,Substantial prejudice to operation of immigration controls,Substantial prejudice to maintenance of security and good order in prisons,Substantial prejudice to the exercise by a public authority for any of its functions,Substantial prejudice to civil proceedings brought by an authority,Confidentiality of communications,Actionable breach of confidence,Court records,Court records: inquiry or arbitration,Personal data of the applicant,Third party personal data ,Personal census information,Deceased person's health record,Endangerment to health or safety,Environmental information ,Substantial prejudice to audit function,Communications with the Royal Family and honours,Material in course of completion,Internal Communications,Substantial prejudice to international relations public safety etc.,Substantial prejudice to course of justice etc.,Substantial prejudice to intellectual property rights,Substantial prejudice to confidentiality of proceedings,Substantial prejudice to confidentiality of commercial or industrial information ,Substantial prejudice to the interests of a third party,Substantial prejudice to the protection of the environment,Neither confirm nor deny whether environmental information held,Personal data of the applicant,Third party personal data,Neither confirm or deny whether personal data held
Aberdeen City Council,2,Grampian,Local Government,1392,112,17,0,0,1183,60,20,28,0,3,544,169,423,76,0,563,55,9,0,0,476,20,3,1,3,1,237,30,193,32,0,162,16,16,0,0,6,1,3,12,12,0,0,5,7,99,30,0,2,0,2,0,0,0,0,0,0,0,0,0,1,0,0,0,0,0,29,0,0,1,0,0,1,0,2,0,0,0,0,0,0,0,5,2,0,0,83,104,0,0,6,563,0,0,0,1,0,11,0,1,8,0,0,0,4,77,0
Aberdeen City Licensing Board,3,Grampian,Local Government,7,0,0,0,0,6,1,0,0,0,0,2,0,2,2,0,0,0,0,0,0,2,0,0,0,0,0,0,0,0,0,0,3,0,0,0,0,0,0,0,0,0,0,0,0,0,1,0,0,0,0,0,0,0,0,0,0,0,0,0,0,0,0,0,0,0,0,0,0,0,0,0,0,0,0,0,0,0,0,0,0,0,0,0,0,0,0,1,0,0,0,0,0,0,0,0,0,0,0,0,0,0,0,0,0,0,0,0
Aberdeenshire Council and Licensing Board,5,Grampian,Local Government,1707,9,0,0,0,1642,56,4,36,2,67,1371,60,32,78,2,20,0,0,0,0,19,1,0,0,0,0,18,0,0,1,0,103,10,8,1,1,7,3,1,0,0,0,0,0,0,8,0,0,0,0,0,0,0,0,0,0,0,0,0,0,1,0,0,0,0,0,5,0,0,0,0,0,0,0,0,0,0,0,0,0,0,0,1,1,0,0,0,69,0,0,0,0,0,0,0,0,0,0,0,0,0,0,0,0,0,0,0
Accounts Commission for Scotland,7,National,Others e.g. NDPBs,3,0,0,0,0,3,0,0,0,0,0,2,0,0,1,0,0,0,0,0,0,0,0,0,0,0,0,0,0,0,0,0,0,0,0,0,0,0,0,0,0,0,0,0,0,0,0,0,0,0,0,0,0,0,0,0,0,0,0,0,0,0,0,0,0,0,0,0,0,0,0,0,0,0,0,0,0,0,0,0,0,0,0,0,0,0,0,0,0,0,0,0,0,0,0,0,0,0,0,0,0,0,0,0,0,0,0,0
Angus Council,9,Tayside,Local Government,1345,23,3,0,0,896,232,24,15,1,1,692,64,426,96,1,59,2,0,0,0,45,9,1,1,1,0,34,4,9,3,0,93,6,3,1,0,2,1,0,3,1,1,0,2,0,0,0,0,0,0,0,0,0,0,0,0,0,0,0,0,0,0,0,0,0,0,0,0,0,0,0,0,0,0,0,0,0,0,0,0,0,0,0,0,0,0,0,0,0,0,0,0,0,0,0,0,0,0,0,0,1,0,0,0,0,0,0
Angus Licensing Board,10,Tayside,Local Government,0,,,,,,,,,,,,,,,,0,,,,,,,,,,,,,,,,0,0,0,0,0,0,0,0,0,0,0,0,0,0,0,0,0,0,0,0,0,0,0,0,0,0,0,0,0,0,0,0,0,0,0,0,0,0,0,0,0,0,0,0,0,0,0,0,0,0,0,0,0,0,0,0,0,0,0,0,0,0,0,0,0,0,0,0,0,0,0,0,0,0,0,0
Argyll and Bute Council,12,Strathclyde,Local Government,1230,14,19,0,0,1184,39,0,15,0,0,942,121,159,102,0,142,1,0,0,0,133,8,0,0,0,0,51,59,31,37,0,43,31,28,3,0,24,6,1,10,8,2,0,9,1,34,0,4,0,0,2,0,0,0,0,0,0,0,0,0,8,0,0,0,0,0,1,0,0,0,0,0,0,0,1,0,0,0,0,0,0,0,0,1,0,0,0,30,0,0,0,0,0,0,2,0,1,0,0,2,2,0,0,0,0,1,0
Argyll and Bute Licensing Board,13,Strathclyde,Local Government,0,0,0,0,0,0,0,0,0,0,0,0,0,0,0,0,0,0,0,0,0,0,0,0,0,0,0,0,0,0,0,0,0,0,0,0,0,0,0,0,0,0,0,0,0,0,0,0,0,0,0,0,0,0,0,0,0,0,0,0,0,0,0,0,0,0,0,0,0,0,0,0,0,0,0,0,0,0,0,0,0,0,0,0,0,0,0,0,0,0,0,0,0,0,0,0,0,0,0,0,0,0,0,0,0,0,0,0
Assessor for Ayrshire Valuation Joint Board,14,Ayrshire,Local Government,5,,,,,5,,,,,,1,1,3,,,0,,,,,,,,,,,,,,,,5,0,0,0,0,0,0,0,0,0,0,0,0,0,2,0,0,0,0,0,0,0,0,0,0,0,0,0,0,0,0,0,0,0,0,0,0,0,0,0,0,0,0,0,0,0,0,0,0,0,0,0,1,0,0,1,0,0,0,0,0,0,0,0,0,0,0,0,0,0,0,0,0,0,0,0
Assessor for Central Scotland Valuation Joint Board and Central Valuation Joint Board,15,Central,Local Government,22,0,0,0,0,23,0,0,0,0,0,12,5,5,4,0,0,0,0,0,0,0,0,0,0,0,0,0,0,0,0,0,2,0,0,0,0,0,0,0,0,0,0,0,0,0,4,0,0,0,0,2,0,0,0,0,0,0,0,0,0,0,0,0,0,0,0,2,0,0,0,0,0,0,0,0,0,0,1,0,0,0,0,1,0,0,1,0,2,0,0,0,0,0,0,0,0,0,0,0,0,0,0,0,0,0,0,0
Assessor & Electoral Registration Officer for Dumfries and Galloway,16,Dumfries and Galloway,Local Government,9,0,0,0,0,9,0,0,0,0,0,5,0,1,3,0,0,0,0,0,0,0,0,0,0,0,0,0,0,0,0,0,0,0,0,0,0,0,0,0,0,0,0,0,0,0,0,0,0,0,0,0,0,0,0,0,0,0,0,0,0,0,0,0,0,0,0,0,0,0,0,0,0,0,0,0,0,0,0,0,0,0,0,0,0,0,0,0,0,0,0,0,0,0,0,0,0,0,0,0,0,0,0,0,0,0,0,0
Assessor for Fife Council,18,Fife,Local Government,22,4,2,0,0,18,0,0,0,0,0,2,0,15,0,0,0,0,0,0,0,0,0,0,0,0,0,0,0,0,0,0,0,0,0,0,0,0,0,0,0,0,0,0,0,0,4,0,0,0,0,0,0,0,0,0,0,0,0,0,0,0,0,0,0,0,0,0,0,0,0,0,0,0,0,0,0,0,0,0,0,0,0,0,0,0,0,0,12,0,0,0,0,0,0,0,0,0,0,0,0,0,0,0,0,0,0,0
Assessor for Grampian Valuation Joint Board & Grampian Valuation Joint Board,20,Grampian,Local Government,15,0,2,0,0,12,1,0,0,0,0,3,7,3,0,0,0,0,0,0,0,0,0,0,0,0,0,0,0,0,0,0,1,1,1,0,0,1,0,0,0,0,0,0,0,0,1,1,0,0,0,0,0,0,0,0,0,0,0,0,0,0,0,0,0,0,0,2,0,0,0,0,0,0,0,0,0,0,2,0,0,0,0,0,2,4,0,0,1,0,0,0,0,0,0,0,0,0,0,0,0,0,0,0,0,0,0,0
Assessor for Highland and Western Isles Valuation Joint Board,21,Highland and Islands,Local Government,4,0,0,0,0,2,2,0,0,0,0,2,0,1,1,0,0,0,0,0,0,0,0,0,0,0,0,0,0,0,0,0,1,0,0,0,0,0,0,0,0,0,0,0,0,0,0,0,0,0,0,0,0,0,0,0,0,0,0,0,0,0,0,0,0,0,0,0,0,0,0,0,0,0,0,0,0,0,0,0,0,0,0,0,0,0,0,0,0,0,0,0,0,0,0,0,0,0,0,0,0,0,0,0,0,0,0,0
Assessor for Lanarkshire Valuation Joint Board,22,Strathclyde,Local Government,13,0,0,0,0,12,1,0,0,0,0,4,3,3,3,0,0,0,0,0,0,0,0,0,0,0,0,0,0,0,0,0,1,0,0,0,0,0,0,0,0,0,0,0,0,0,1,0,0,0,0,0,0,0,0,0,0,0,0,0,0,0,0,0,0,0,0,0,0,0,0,0,0,0,0,0,0,0,0,0,0,0,0,0,2,0,0,1,4,0,0,0,0,0,0,0,0,0,0,0,0,0,0,0,0,0,0,0
Assessor for Lothian Valuation Joint Board and the Lothian Valuation Joint Board,23,Lothian and Borders,Local Government,19,1,2,1,0,18,0,0,0,0,0,9,0,4,2,0,0,0,0,0,0,0,0,0,0,0,0,0,0,0,0,0,0,3,2,0,0,2,0,0,0,0,0,0,0,0,0,0,0,0,0,0,0,0,0,0,0,0,0,0,0,0,0,0,0,0,0,0,0,0,0,0,0,0,0,0,0,0,0,0,0,0,0,0,0,0,0,0,0,0,0,0,0,0,0,0,0,0,0,0,0,0,0,0,0,0,0,0
Assessor for Scottish Borders Council,26,Lothian and Borders,Local Government,5,0,0,0,0,5,0,0,0,0,0,4,0,0,0,0,0,0,0,0,0,0,0,0,0,0,0,0,0,0,0,0,0,0,0,0,0,0,0,0,0,0,0,0,0,0,0,0,0,0,0,0,0,0,0,0,0,0,0,0,0,0,0,0,0,0,0,0,0,0,0,0,0,0,0,0,0,0,0,0,0,0,0,0,0,0,0,0,0,0,0,0,0,0,0,0,0,0,0,0,0,0,0,0,0,0,0,0
Assessor for Tayside Valuation Joint Board,27,Tayside,Local Government,2,0,0,0,0,0,0,0,0,0,0,2,0,0,0,0,0,0,0,0,0,0,0,0,0,0,0,0,0,0,0,0,0,0,0,0,0,0,0,0,0,0,0,0,0,0,0,0,0,0,0,0,0,0,0,0,0,0,0,0,0,0,0,0,0,0,0,0,0,0,0,0,0,0,0,0,0,0,0,0,0,0,0,0,0,0,0,0,0,0,0,0,0,0,0,0,0,0,0,0,0,0,0,0,0,0,0,0
Audit Scotland,28,National,Others e.g. NDPBs,48,2,0,0,0,46,2,0,0,0,0,19,0,14,13,0,0,0,0,0,0,0,0,0,0,0,0,0,0,0,0,0,0,0,0,0,0,0,0,0,0,0,0,0,0,0,6,0,0,0,0,0,0,0,0,0,0,0,0,0,0,0,0,0,0,0,0,0,0,0,0,0,0,0,0,1,0,0,0,0,0,0,0,0,0,0,0,0,9,0,0,0,0,0,0,0,0,0,0,0,0,0,0,0,0,0,0,0
Auditor General for Scotland,29,National,Others e.g. NDPBs,0,0,0,0,0,0,0,0,0,0,0,0,0,0,0,0,0,0,0,0,0,0,0,0,0,0,0,0,0,0,0,0,0,0,0,0,0,0,0,0,0,0,0,0,0,0,0,0,0,0,0,0,0,0,0,0,0,0,0,0,0,0,0,0,0,0,0,0,0,0,0,0,0,0,0,0,0,0,0,0,0,0,0,0,0,0,0,0,0,0,0,0,0,0,0,0,0,0,0,0,0,0,0,0,0,0,0,0
Ayrshire and Arran Health Board,31,Ayrshire,National Health Service,654,1,2,,,562,92,,16,,,394,38,192,18,,11,,,,,11,1,,,1,,7,,5,,,,6,6,0,0,5,1,0,0,0,0,0,0,0,30,1,0,0,0,3,0,0,0,0,0,0,0,0,0,6,0,0,0,0,0,10,0,0,0,0,0,0,0,0,0,0,0,0,0,0,0,1,1,0,0,0,39,0,3,0,0,0,0,0,0,0,0,0,0,0,0,0,0,0,0,0
Ayrshire Valuation Joint Board,32,Ayrshire,Local Government,9,,,,,9,,,,,,4,1,1,3,,0,,,,,,,,,,,,,,,,1,0,0,0,0,0,0,0,0,0,0,0,0,0,0,0,0,0,0,0,0,0,0,0,0,0,0,0,0,0,0,0,0,0,0,0,0,0,0,0,0,0,0,0,0,0,0,0,0,0,0,0,0,0,0,1,0,0,0,0,0,0,0,0,0,0,0,0,0,0,0,0,0,0,0,0
Board of Trustees for the National Galleries of Scotland,34,National,Others e.g. NDPBs,14,0,0,0,0,13,1,0,0,0,0,6,1,5,2,0,1,0,0,0,0,1,0,0,0,0,0,0,0,1,0,0,0,0,0,0,0,0,0,0,0,0,0,0,0,0,0,0,0,0,0,0,0,0,0,0,0,0,0,1,0,2,0,0,0,0,0,0,0,0,0,0,0,0,0,1,0,0,0,0,0,0,0,0,2,0,0,0,3,0,0,1,0,0,0,1,0,0,0,0,0,0,0,0,0,0,0,0
Board of Trustees of the National Museums of Scotland,35,National,Others e.g. NDPBs,32,0,0,0,0,32,0,0,0,0,0,20,0,7,4,0,1,0,0,0,0,1,,,0,0,0,1,,,,,2,0,0,0,0,0,0,0,0,0,0,0,0,0,0,0,0,0,0,0,0,0,0,0,0,0,0,0,0,0,0,0,0,0,0,1,0,0,0,0,0,0,0,3,0,0,0,0,0,0,0,0,0,0,0,0,2,0,0,1,0,0,0,0,0,0,0,0,0,0,0,0,0,0,0,0
Board of Trustees of the Royal Botanic Garden Edinburgh,36,Lothian and Borders,Others e.g. NDPBs,4,0,0,0,0,4,0,0,0,0,0,4,0,0,0,0,0,0,0,0,0,0,0,0,0,0,0,0,0,0,0,0,0,0,0,0,0,0,0,0,0,0,0,0,0,0,0,0,0,0,0,0,0,0,0,0,0,0,0,0,0,0,0,0,0,0,0,0,0,0,0,0,0,0,0,0,0,0,0,0,0,0,0,0,0,0,0,0,0,0,0,0,0,0,0,0,0,0,0,0,0,0,0,0,0,0,0,0
Bord na Gaidhlig,37,National,Others e.g. NDPBs,8,0,0,0,0,8,0,2,0,0,0,6,0,1,1,0,,,,,,,,,0,0,0,,,,,,2,0,0,0,0,0,0,0,0,0,0,0,0,0,0,0,0,0,0,0,0,0,0,0,0,0,0,0,0,0,0,0,0,0,0,0,0,0,0,0,0,0,0,0,0,0,0,0,0,0,0,0,0,0,0,0,0,0,0,0,0,0,0,0,0,0,0,0,0,0,0,0,0,0,0,0
Borders College,38,Lothian and Borders,Educational Institutions,29,1,0,0,0,28,0,0,0,0,0,6,2,0,0,0,0,0,0,0,0,0,0,0,0,0,0,0,0,0,0,0,0,0,0,0,0,0,0,0,0,0,0,0,0,0,1,1,0,0,0,1,0,0,0,0,0,0,0,0,0,0,0,0,0,0,0,0,0,0,0,0,0,0,0,0,0,0,0,0,0,0,0,0,0,0,0,0,0,0,0,0,0,0,0,0,0,0,0,0,0,0,0,0,0,0,0,0
Borders Health Board,39,Lothian and Borders,National Health Service,627,2,0,0,0,609,13,0,56,0,0,307,0,231,62,0,10,0,0,0,0,6,0,0,0,0,0,4,0,0,0,0,465,3,3,0,0,2,1,0,0,0,0,0,0,0,60,0,0,0,0,0,0,0,0,0,0,0,0,0,1,1,4,0,0,0,0,0,0,0,0,0,0,1,0,0,0,0,0,0,0,0,0,4,1,0,0,6,95,0,0,0,0,0,0,0,0,0,0,0,0,0,0,0,0,0,0,0
Cairngorms National Park Authority,40,Highland and Islands,Others e.g. NDPBs,13,0,1,1,0,13,0,0,0,0,0,10,0,1,1,0,19,0,0,0,0,16,2,0,1,2,1,15,0,0,2,0,0,0,0,0,0,0,0,0,0,0,0,0,0,0,0,0,0,0,0,0,0,0,0,0,0,0,0,0,0,0,0,0,0,0,0,0,0,0,0,0,0,0,0,0,0,0,0,0,0,0,0,0,0,0,0,0,0,0,0,0,0,0,0,0,0,1,1,0,0,0,0,0,0,0,0,0
City of Edinburgh Council,45,Lothian and Borders,Local Government,1688,81,12,5,1,1514,150,1,99,0,1,716,369,555,315,0,992,32,3,24,2,894,124,0,17,20,15,489,205,320,181,0,358,55,41,2,0,35,6,2,85,68,9,1,33,41,134,2,10,0,0,4,0,0,0,0,0,0,0,1,5,40,0,0,0,0,0,27,1,1,1,1,1,0,0,1,0,0,0,0,0,0,0,5,6,0,0,10,70,0,0,1,0,0,0,6,2,1,17,6,2,34,1,0,0,29,99,0
City of Edinburgh Licensing Board,46,Lothian and Borders,Local Government,16,0,0,0,0,16,1,0,0,0,0,17,0,0,0,0,0,0,0,0,0,0,0,0,0,0,0,0,0,0,0,0,1,0,0,0,0,0,0,0,0,0,0,0,0,0,13,0,0,0,0,0,0,0,0,0,0,0,0,0,0,0,0,0,0,0,0,0,0,0,0,0,0,0,0,0,0,0,0,0,0,0,0,0,0,0,0,0,0,0,0,0,0,0,0,0,0,0,0,0,0,0,0,0,0,0,0,0
Clackmannanshire Council and Licensing Board,47,Central,Local Government,1146,11,4,,,1052,82,1,3,,,1060,9,8,16,2,1,,,,,,,,,,,,,,,,,7,7,0,0,3,3,1,0,0,0,0,0,0,30,0,0,0,0,0,0,0,0,0,0,0,0,0,0,0,0,0,0,0,0,0,0,0,0,0,0,0,0,0,0,0,0,0,0,0,0,0,0,0,0,1,8,0,0,0,0,0,0,0,0,0,0,0,0,0,0,0,0,0,0,0
Comhairle nan Eilean Siar,51,Highland and Islands,Local Government,1120,13,5,7,0,1022,46,9,0,0,0,1024,0,5,33,0,12,0,0,0,0,5,0,0,0,0,0,5,0,0,0,0,21,12,12,0,0,9,0,2,0,0,0,0,0,0,3,0,0,0,0,0,0,0,0,0,0,0,0,0,0,3,0,0,0,0,0,3,0,0,0,0,0,0,0,0,0,0,0,0,0,0,0,0,0,1,0,0,8,0,0,0,0,0,0,0,0,0,0,0,0,0,0,0,0,0,0,0
Crofting Commission,52,National,Others e.g. NDPBs,33,,1,,,35,,,,1,,21,3,5,2,,31,1,1,1,,13,1,,,1,,7,,8,5,,4,4,3,0,0,3,0,0,7,0,0,0,1,0,3,0,0,0,0,3,0,0,0,0,0,0,0,2,2,1,0,0,0,0,0,0,0,0,1,0,0,0,0,0,0,0,0,0,0,0,0,4,0,0,0,1,4,0,0,0,19,0,0,2,3,0,0,0,3,0,0,0,0,7,5,0
Crown Office and Procurator Fiscal Service,53,National,Non Ministerial Officeholders,280,0,8,0,0,253,12,0,37,0,0,62,56,44,63,1,5,0,0,0,0,5,0,0,0,0,0,3,1,0,1,0,107,28,23,1,0,24,0,0,0,0,0,0,0,0,14,0,0,0,0,0,0,0,2,1,0,0,3,2,1,2,0,0,0,0,0,0,0,0,16,2,8,0,0,3,3,9,0,0,0,0,0,0,0,1,0,18,17,0,0,4,0,0,0,0,1,0,0,0,0,0,0,0,0,0,0,0
Dumfries and Galloway College,55,Dumfries and Galloway,Educational Institutions,9,0,0,0,0,0,0,0,0,0,0,0,0,0,0,0,0,0,0,0,0,0,0,0,0,0,0,0,0,0,0,0,0,0,0,0,0,0,0,0,0,0,0,0,0,0,0,0,0,0,0,0,0,0,0,0,0,0,0,0,0,0,0,0,0,0,0,0,0,0,0,0,0,0,0,0,0,0,0,0,0,0,0,0,0,0,0,0,0,0,0,0,0,0,0,0,0,0,0,0,0,0,0,0,0,0,0,0
Dumfries and Galloway Council,56,Dumfries and Galloway,Local Government,1231,8,8,0,0,1103,94,9,34,0,0,622,123,334,253,1,92,0,2,0,0,78,5,0,0,0,1,45,2,25,11,0,22,10,10,0,0,4,6,0,2,2,0,0,2,0,24,0,1,0,0,0,0,0,0,0,0,0,0,0,0,0,0,0,0,0,0,8,0,0,0,0,0,0,0,7,0,0,0,0,0,1,0,3,5,0,0,0,106,1,0,0,0,0,0,0,0,0,2,0,3,2,0,0,0,1,10,0
Dumfries and Galloway Licensing Board,57,Dumfries and Galloway,Local Government,16,0,0,0,0,9,4,0,0,0,0,4,0,3,1,0,0,0,0,0,0,0,0,0,0,0,0,0,0,0,0,0,0,1,1,0,0,1,0,0,0,0,0,0,0,0,0,0,0,0,0,0,0,0,0,0,0,0,0,0,0,0,0,0,0,0,0,0,0,0,0,0,0,0,0,1,0,0,0,0,0,0,0,0,0,0,0,0,0,0,0,0,0,0,0,0,0,0,0,0,0,0,0,0,0,0,0,0
Dumfries and Galloway Health Board,58,Dumfries and Galloway,National Health Service,570,2,3,,,455,102,10,13,,,364,37,95,44,1,28,,,,,26,,1,1,,,13,,1,,,500,13,13,0,0,4,4,0,1,1,0,0,1,0,7,0,0,0,0,0,0,0,0,0,0,0,0,0,0,0,0,1,0,0,0,2,0,0,0,0,0,0,0,2,0,0,0,0,0,0,0,2,2,0,0,19,17,0,1,0,0,0,0,0,0,0,0,0,0,0,0,0,0,0,0,0
Dunbartonshire and Argyll and Bute Valuation Joint Board and Assessor Dunbartonshire and Argyll and Bute Valuation Joint Board,59,Strathclyde,Local Government,20,,2,,,20,0,0,,,,6,3,6,4,,0,,,,,0,,,,,,,,,,,1,0,0,0,0,0,0,0,0,0,0,0,0,0,1,0,0,0,0,0,0,0,0,0,0,0,0,0,0,0,0,0,0,0,0,0,0,0,0,0,0,0,0,0,0,0,0,0,0,0,0,0,0,0,0,1,4,0,0,0,0,0,0,0,0,0,0,0,0,0,0,0,0,0,0,0
Dundee City Council and Licensing Board,60,Tayside,Local Government,1224,4,5,0,0,990,148,50,35,0,0,854,35,166,87,0,360,1,6,38,4,282,14,26,0,1,1,261,7,6,11,0,83,10,2,1,2,6,3,1,8,3,2,2,0,0,7,0,1,0,0,3,0,0,0,0,0,0,5,0,0,0,0,0,0,0,30,0,0,0,0,0,0,0,0,1,0,0,0,0,0,0,0,1,0,0,0,93,38,0,0,0,0,0,0,0,0,0,0,0,0,4,0,0,0,0,0,0
East Ayrshire Council,63,Ayrshire,Local Government,1143,7,17,4,0,1134,9,0,4,0,0,826,11,195,81,0,111,0,1,0,0,111,0,0,6,0,0,102,1,7,0,0,11,4,4,0,0,3,1,0,0,0,0,0,0,0,1,0,0,0,0,0,0,0,0,0,0,0,0,0,1,1,0,0,0,0,0,3,0,0,0,0,0,0,0,0,0,0,0,0,0,0,0,0,1,0,0,0,14,0,0,0,0,0,0,0,0,0,0,0,2,1,1,1,0,0,0,0
East Ayrshire Licensing Board,64,Ayrshire,Local Government,1,0,0,0,0,1,0,0,0,0,0,1,0,0,0,0,0,0,0,0,0,0,0,0,0,0,0,0,0,0,0,0,0,0,0,0,0,0,0,0,0,0,0,0,0,0,0,0,0,0,0,0,0,0,0,0,0,0,0,0,0,0,0,0,0,0,0,0,0,0,0,0,0,0,0,0,0,0,0,0,0,0,0,0,0,0,0,0,0,0,0,0,0,0,0,0,0,0,0,0,0,0,0,0,0,0,0,0
East Dunbartonshire Council and Licensing Board,65,Strathclyde,Local Government,1265,50,9,0,0,1224,41,0,2,0,0,864,38,231,68,0,102,5,0,0,0,99,3,0,0,0,0,83,5,9,3,0,43,6,5,1,0,5,1,0,4,4,0,0,2,2,30,0,1,0,0,12,0,0,0,0,0,0,2,0,0,0,0,0,0,0,10,0,0,0,0,0,0,0,0,0,0,0,0,0,0,0,0,8,2,0,0,154,0,0,0,0,0,0,0,0,0,0,0,0,0,0,0,0,0,3,0,0
East Lothian Council,67,Lothian and Borders,Local Government,1291,32,6,7,0,1035,143,0,25,0,4,659,191,324,97,0,134,1,0,1,0,100,28,0,1,0,0,52,22,40,9,0,8,19,15,3,0,11,3,0,1,0,1,0,0,1,106,0,7,0,0,3,0,0,0,0,0,0,0,0,1,4,2,0,0,0,0,15,0,0,0,0,0,0,0,1,0,0,0,0,0,0,0,1,1,0,0,9,45,0,0,0,0,0,0,0,0,0,0,0,4,3,0,1,0,0,3,0
East Lothian Licensing Board,68,Lothian and Borders,Local Government,2,0,0,0,0,1,0,0,0,0,0,1,0,0,0,0,0,0,0,0,0,0,0,0,0,0,0,0,0,0,0,0,0,0,0,0,0,0,0,0,0,0,0,0,0,0,0,0,0,0,0,0,0,0,0,0,0,0,0,0,0,0,0,0,0,0,0,0,0,0,0,0,0,0,0,0,0,0,0,0,0,0,0,0,0,0,0,0,0,0,0,0,0,0,0,0,0,0,0,0,0,0,0,0,0,0,0,0
East Renfrewshire Council and Licensing Board,69,Strathclyde,Local Government,966,6,15,3,0,794,133,16,12,1,4,707,84,136,45,0,275,1,2,6,1,235,33,4,0,0,1,178,30,60,37,0,40,15,8,3,1,4,3,0,1,1,0,0,1,0,80,0,1,0,0,5,0,0,0,0,0,0,0,0,0,4,0,0,0,0,0,2,0,0,0,0,0,0,0,0,0,0,0,0,0,0,0,0,2,0,0,5,45,0,0,0,0,0,0,0,0,0,1,0,0,2,1,0,1,1,5,0
Falkirk Council,71,Central,Local Government,1370,25,10,1,1,1196,181,7,35,1,5,1010,183,141,121,3,145,0,0,0,0,136,7,0,8,0,0,131,2,4,6,0,199,12,11,3,1,9,3,1,3,2,0,0,0,1,26,0,9,0,0,1,0,0,0,0,0,0,0,0,0,2,0,0,0,0,0,4,0,1,1,0,0,1,0,0,0,0,0,0,0,0,0,2,2,0,0,7,45,1,0,0,49,0,0,0,0,0,0,0,0,0,0,0,0,0,0,0
Falkirk Licensing Board,72,Central,Local Government,5,0,1,0,0,6,0,0,0,0,0,3,0,2,0,0,0,0,0,0,0,0,0,0,0,0,0,0,0,0,0,0,0,0,0,0,0,0,0,0,0,0,0,0,0,0,0,0,0,0,0,0,0,0,0,0,0,0,0,0,0,0,0,0,0,0,0,0,0,0,0,0,0,0,0,0,0,0,0,0,0,0,0,0,0,0,0,0,1,0,0,0,0,0,0,0,0,0,0,0,0,0,0,0,0,0,0,0
Fife Council and Licensing Board,73,Fife,Local Government,2006,20,17,0,0,1629,374,7,46,0,0,1175,425,398,151,0,513,6,6,0,0,445,68,0,5,4,1,331,64,121,60,0,423,41,32,7,0,12,14,6,20,20,0,0,7,12,17,0,0,0,0,4,0,0,0,0,0,0,0,3,0,5,1,0,0,0,0,8,0,0,3,0,5,0,0,0,0,0,0,0,0,0,0,11,25,0,0,39,87,0,0,0,131,0,0,3,0,0,1,0,3,1,1,0,0,1,18,0
Fife Health Board,75,Fife,National Health Service,495,0,0,0,0,346,144,0,21,0,0,341,50,99,58,0,0,0,0,0,0,0,0,0,0,0,0,0,0,0,0,0,0,3,3,0,0,3,0,0,0,0,0,0,0,0,8,0,0,0,0,1,0,0,0,0,0,0,0,0,0,0,1,0,0,0,5,17,0,0,0,0,0,0,0,0,0,0,0,0,0,0,0,5,0,0,5,1,25,0,0,0,0,0,0,0,0,0,0,0,0,0,0,0,0,0,0,0
Forth Valley College of Further and Higher Education,78,Central,Educational Institutions,22,0,1,0,0,21,0,0,0,0,0,20,0,1,0,0,1,0,0,0,0,1,0,0,0,0,0,1,0,0,0,0,0,0,0,0,0,0,0,0,0,0,0,0,0,0,0,0,0,0,0,1,0,0,0,0,0,0,0,0,0,0,0,0,0,0,0,0,0,0,0,0,0,0,0,0,0,0,0,0,0,0,0,0,0,0,0,0,0,0,0,0,0,0,0,0,0,0,0,0,0,0,0,0,0,0,0,0
Forth Valley Health Board,79,Central,National Health Service,593,0,0,0,0,557,40,1,66,0,7,339,14,140,39,0,22,0,0,0,0,18,4,0,0,0,0,16,0,2,4,0,1849,10,9,1,0,3,5,0,0,0,0,0,0,0,27,0,0,0,0,0,0,0,0,0,0,0,0,0,0,0,0,0,0,0,0,2,0,0,0,0,0,0,0,0,0,0,0,0,0,0,0,0,0,0,0,2,17,0,1,0,0,0,0,0,0,0,0,0,0,0,0,0,0,0,0,0
General Teaching Council for Scotland,80,National,Others e.g. NDPBs,54,0,0,1,1,53,2,0,4,0,1,36,1,6,9,0,0,0,0,0,0,0,0,0,0,0,0,0,0,0,0,0,15,2,1,0,0,2,0,1,0,0,0,0,0,0,1,0,0,0,0,0,0,0,0,0,0,0,0,0,0,0,0,0,0,0,0,0,0,0,0,0,0,0,0,0,0,0,0,0,0,0,0,0,0,0,0,2,0,0,0,0,0,0,0,0,0,0,0,0,0,0,0,0,0,0,0,0
Glasgow Caledonian University,81,Strathclyde,Educational Institutions,289,11,2,0,0,274,2,1,3,0,1,169,11,77,13,0,7,0,0,0,0,7,0,0,0,0,0,7,0,0,0,0,42,4,3,1,0,4,0,0,0,0,0,0,0,0,0,0,0,0,0,1,0,0,0,0,0,0,0,0,1,9,0,0,0,0,0,5,0,0,0,0,0,0,0,0,0,0,0,0,0,0,0,1,1,0,0,0,8,0,0,7,0,0,0,0,0,0,0,0,0,0,0,0,0,0,0,0
Glasgow City Council,82,Strathclyde,Local Government,2897,5,15,0,0,2472,386,45,36,2,20,857,203,352,246,0,215,0,2,144,42,170,46,1,,1,,98,2,9,28,0,317,145,137,6,1,46,16,78,19,18,1,0,18,1,74,0,1,3,0,0,0,0,0,0,0,0,0,0,0,10,0,0,1,0,30,0,0,0,0,0,0,0,0,8,0,0,0,0,0,0,0,16,0,0,0,0,168,0,0,3,0,1,0,0,0,0,0,0,0,0,0,0,0,0,1,0
City of Glasgow Licensing Board,83,Strathclyde,Local Government,15,0,0,0,0,10,0,0,0,0,0,2,0,0,10,0,0,0,0,0,0,0,0,0,0,0,0,0,0,0,3,0,0,0,0,0,0,0,0,0,0,0,0,0,0,0,0,0,0,0,0,0,0,0,0,0,0,0,0,0,0,0,0,0,0,0,0,0,0,0,0,0,0,0,0,0,0,0,0,0,0,0,0,0,0,0,0,0,0,0,0,0,0,0,0,0,0,0,0,0,0,0,0,0,0,0,0,0
The Glasgow School of Art,85,Strathclyde,Educational Institutions,92,0,0,0,0,88,2,0,0,0,0,83,0,6,0,0,1,0,0,0,0,1,0,0,0,0,0,1,0,0,0,0,0,1,1,0,0,0,0,0,0,0,0,0,0,0,0,0,0,0,0,0,0,0,0,0,0,0,0,0,0,0,0,0,0,0,0,0,0,0,0,0,0,0,0,0,0,0,0,0,0,0,0,0,0,0,0,0,0,0,0,0,0,0,0,0,0,0,0,0,0,0,0,0,0,0,0,0
Grampian Health Board,86,Grampian,National Health Service,182,0,0,0,0,137,26,19,14,0,0,81,0,79,35,0,1,0,0,0,0,0,0,0,0,0,0,0,0,0,0,0,426,1,1,0,0,1,0,0,0,0,0,0,0,0,8,0,0,0,0,0,0,0,0,0,0,0,0,0,0,1,0,0,0,0,0,4,0,0,0,0,0,0,0,0,0,0,0,0,0,0,0,0,0,0,0,1,33,0,0,0,1,0,0,0,0,0,0,0,0,0,0,0,0,0,0,0
Greater Glasgow Health Board,88,Strathclyde,National Health Service,1034,18,6,0,0,884,110,3,27,0,20,528,23,305,81,0,29,1,0,0,0,30,4,0,0,1,0,20,1,10,1,0,5051,18,14,4,0,14,3,1,0,0,0,0,0,0,26,0,0,0,0,1,0,0,0,0,0,0,0,2,1,1,0,0,0,0,0,5,0,0,0,0,0,0,0,0,0,0,0,0,0,0,0,0,0,0,0,9,62,0,1,0,0,0,0,0,1,0,0,0,0,2,0,0,0,0,1,0
Heriot-Watt University,93,Lothian and Borders,Educational Institutions,259,8,0,0,0,227,27,0,8,0,1,133,1,67,25,0,14,0,0,0,0,10,2,0,0,1,0,12,0,1,0,0,8,1,1,0,0,1,0,0,1,1,0,0,0,1,8,3,0,0,0,12,0,0,0,0,0,0,0,0,0,0,0,0,0,0,0,7,0,2,0,0,0,0,0,2,0,0,0,0,0,0,0,0,0,0,0,0,14,0,0,0,0,0,0,0,0,0,0,0,0,0,0,0,0,0,0,0
Highland and Western Isles Valuation Joint Board,94,Highland and Islands,Local Government,0,0,0,0,0,0,0,0,0,0,0,0,0,0,0,0,0,0,0,0,0,0,0,0,0,0,0,0,0,0,0,0,0,0,0,0,0,0,0,0,0,0,0,0,0,0,0,0,0,0,0,0,0,0,0,0,0,0,0,0,0,0,0,0,0,0,0,0,0,0,0,0,0,0,0,0,0,0,0,0,0,0,0,0,0,0,0,0,0,0,0,0,0,0,0,0,0,0,0,0,0,0,0,0,0,0,0,0
Highland Council and Licensing Board,95,Highland and Islands,Local Government,1328,15,20,0,0,908,420,0,9,0,0,995,35,109,150,0,417,8,14,0,0,303,114,0,2,0,0,321,10,42,27,0,19,28,21,7,0,15,0,13,15,11,2,2,6,7,29,0,0,0,0,0,0,0,0,0,0,0,0,0,0,2,0,0,0,0,0,5,0,0,0,0,0,0,0,0,0,0,0,0,0,0,0,0,0,0,0,14,20,0,0,0,1,0,0,1,0,0,1,0,0,9,3,0,0,0,4,0
Highland Health Board,97,Highland and Islands,National Health Service,716,6,3,0,0,449,59,0,26,0,0,422,39,45,22,0,28,0,0,0,0,26,0,0,0,0,0,25,0,1,0,0,4,8,7,1,0,5,3,0,0,0,0,0,0,0,8,0,0,0,0,0,0,0,0,0,0,0,0,0,0,0,0,0,0,0,0,3,0,0,0,0,0,0,0,2,1,1,0,0,0,0,0,0,1,0,0,1,19,0,0,0,0,0,0,0,0,0,0,0,0,0,0,0,0,0,0,0
Highlands and Islands Enterprise,98,Highland and Islands,Others e.g. NDPBs,75,0,0,0,0,61,4,0,0,8,0,40,0,18,7,0,22,2,0,0,0,22,0,0,3,0,1,8,0,9,0,0,1,5,5,0,0,5,1,0,5,5,1,0,4,2,0,0,0,0,0,0,0,0,0,0,0,0,0,0,0,5,1,0,0,0,0,13,0,0,0,0,0,0,0,0,0,0,0,0,0,0,0,0,0,0,0,2,10,0,0,0,0,0,0,1,0,0,0,1,0,7,1,0,0,7,0,0
Inverclyde Council,100,Strathclyde,Local Government,1264,12,8,6,1,1061,140,0,10,1,2,3053,57,29,44,0,16,0,0,3,0,14,2,0,0,0,0,9,1,3,1,0,33,14,12,2,0,12,1,0,14,12,2,0,11,3,2,0,0,0,0,2,0,0,0,0,0,0,0,0,1,0,0,0,0,0,0,7,0,0,0,0,0,0,0,2,0,0,0,0,0,0,0,0,0,0,0,2,14,0,0,0,0,0,0,0,1,0,1,0,1,0,0,0,0,1,0,0
Inverclyde Licensing Board,101,Strathclyde,Local Government,1,0,0,0,0,0,0,0,1,0,0,0,0,0,0,0,0,0,0,0,0,0,0,0,0,0,0,0,0,0,0,0,0,0,0,0,0,0,0,0,0,0,0,0,0,0,0,0,0,0,0,0,0,0,0,0,0,0,0,0,0,0,0,0,0,0,0,0,0,0,0,0,0,0,0,0,0,0,0,0,0,0,0,0,0,0,0,0,0,0,0,0,0,0,0,0,0,0,0,0,0,0,0,0,0,0,0,0
Inverness College,102,Highland and Islands,Educational Institutions,18,1,1,0,0,16,1,0,0,0,0,13,0,3,0,0,1,0,0,0,0,1,0,0,0,0,0,1,0,0,0,0,54,0,0,0,0,0,0,0,0,0,0,0,0,0,0,0,0,0,0,0,0,0,0,0,0,0,0,0,0,0,0,0,0,0,0,0,0,0,0,0,0,0,0,0,0,0,0,0,0,0,0,0,0,0,0,0,0,0,0,0,0,0,0,0,0,0,0,0,0,0,0,0,0,0,0,0
Keeper of the Registers of Scotland,105,National,Non Ministerial Officeholders,118,6,3,0,0,101,9,0,1,0,0,33,7,61,5,0,0,0,0,0,0,0,0,0,0,0,0,0,0,0,0,0,1,4,4,0,0,4,0,0,0,0,0,0,0,0,45,0,0,0,0,0,0,0,5,0,0,1,0,0,3,0,1,0,0,0,0,3,0,0,0,0,0,0,0,2,0,0,0,0,0,0,0,7,2,2,0,47,0,0,0,1,0,0,0,0,0,0,0,0,0,0,0,0,0,0,0,0
Lanarkshire Health Board,108,Strathclyde,National Health Service,712,4,1,0,0,635,83,0,29,0,11,262,149,310,50,0,35,0,0,0,0,36,1,0,0,14,0,7,2,28,5,0,,3,3,0,0,2,1,0,0,0,0,0,0,0,26,0,0,0,0,3,0,0,0,0,0,0,0,0,0,0,0,0,0,0,0,12,0,0,0,0,0,0,0,1,0,0,0,0,0,1,0,0,0,0,0,18,73,0,3,0,33,0,0,0,0,0,0,0,0,0,0,0,0,0,0,0
Lanarkshire Valuation Joint Board,109,Strathclyde,Local Government,0,0,0,0,0,0,0,0,0,0,0,0,0,0,0,0,0,0,0,0,0,0,0,0,0,0,0,0,0,0,0,0,0,0,0,0,0,0,0,0,0,0,0,0,0,0,0,0,0,0,0,0,0,0,0,0,0,0,0,0,0,0,0,0,0,0,0,0,0,0,0,0,0,0,0,0,0,0,0,0,0,0,0,0,0,0,0,0,0,0,0,0,0,0,0,0,0,0,0,0,0,0,0,0,0,0,0,0
Lews Castle College,112,Highland and Islands,Educational Institutions,46,0,0,0,0,46,0,0,0,0,0,31,0,5,10,0,0,0,0,0,0,0,0,0,0,0,0,0,0,0,0,0,0,0,0,0,0,0,0,0,0,0,0,0,0,0,0,0,0,0,0,0,0,0,0,0,0,0,0,0,0,0,0,0,0,0,0,0,0,0,0,0,0,0,0,0,0,0,0,0,0,0,0,0,0,0,0,0,0,0,0,0,0,0,0,0,0,0,0,0,0,0,0,0,0,0,0,0
Local Government Boundary Commission for Scotland,113,National,Others e.g. NDPBs,13,0,0,0,0,13,0,0,0,0,0,11,1,0,1,0,0,0,0,0,0,0,0,0,0,0,0,0,0,0,0,0,0,0,0,0,0,0,0,0,0,0,0,0,0,0,1,0,0,0,0,0,0,0,0,0,0,0,0,0,0,0,0,0,0,0,0,0,0,0,0,0,0,0,0,0,0,0,0,0,0,0,0,0,0,0,0,0,0,0,0,0,0,0,0,0,0,0,0,0,0,0,0,0,0,0,0,0
Loch Lomond and The Trossachs National Park Authority,114,Strathclyde,Others e.g. NDPBs,21,1,0,0,0,22,0,0,0,0,0,3,2,6,4,0,75,6,0,0,0,72,1,0,5,0,0,16,0,18,6,0,0,4,2,1,0,2,0,0,14,12,0,0,9,0,0,0,0,0,0,0,0,0,0,0,0,0,0,0,0,0,0,0,0,0,0,0,0,0,0,0,0,0,0,1,0,0,0,0,0,0,0,0,0,0,0,0,0,0,0,0,40,0,0,1,3,0,3,0,0,5,3,0,0,0,7,0
Lothian Health Board,115,Lothian and Borders,National Health Service,820,2,12,0,0,751,56,3,96,0,0,400,139,260,118,0,61,0,1,0,0,59,0,2,26,0,0,35,13,7,41,0,25,9,8,1,0,5,2,2,2,1,1,0,1,2,74,1,0,0,0,2,0,0,0,0,0,0,0,1,1,4,1,0,0,0,0,3,0,1,0,0,0,0,0,1,0,0,0,0,0,2,0,1,0,0,0,8,165,0,9,0,0,1,0,7,1,0,0,0,0,5,3,0,0,0,6,0
Mental Welfare Commission for Scotland,118,National,Others e.g. NDPBs,22,1,0,0,0,21,0,1,2,0,0,7,0,7,5,0,0,0,0,0,0,0,0,0,0,0,0,0,0,0,0,0,,1,0,0,1,0,0,0,0,0,0,0,0,0,2,0,0,0,0,1,0,0,0,0,0,0,0,0,0,0,0,0,0,0,0,0,0,0,0,0,0,0,0,0,0,0,0,0,0,0,0,0,0,0,0,2,1,0,0,0,0,0,0,0,0,0,0,0,0,0,0,0,0,0,0,0
Midlothian Council,119,Lothian and Borders,Local Government,1203,0,28,0,0,1056,114,22,7,0,0,1125,15,8,3,0,23,0,0,0,0,19,4,0,0,0,0,20,0,0,0,0,35,1,1,0,0,1,0,0,0,0,0,0,0,0,8,0,0,0,0,1,0,0,0,0,0,0,0,2,2,0,0,0,0,0,0,0,0,0,0,0,0,0,0,0,2,0,0,0,0,0,0,0,1,0,0,1,6,0,0,0,0,0,0,0,0,0,0,0,0,0,0,0,0,0,0,0
Midlothian Licensing Board,120,Lothian and Borders,Local Government,12,0,0,0,0,12,0,0,0,0,0,9,0,0,0,0,0,0,0,0,0,0,0,0,0,0,0,0,0,0,0,0,0,0,0,0,0,0,0,0,0,0,0,0,0,0,0,0,0,0,0,0,0,0,0,0,0,0,0,0,0,0,0,0,0,0,0,0,0,0,0,0,0,0,0,0,0,0,0,0,0,0,0,0,0,0,0,0,0,0,0,0,0,0,0,0,0,0,0,0,0,0,0,0,0,0,0,0
Moray College,121,Grampian,Educational Institutions,20,0,1,0,0,19,1,0,0,0,0,14,0,1,2,0,0,0,0,0,0,0,0,0,0,0,0,0,0,0,0,0,0,0,0,0,0,0,0,0,0,0,0,0,0,0,0,0,0,0,0,0,0,0,0,0,0,0,0,0,0,0,0,0,0,0,0,0,0,0,0,0,0,0,0,0,0,0,0,0,0,0,0,0,0,0,0,0,0,0,0,0,0,0,0,0,0,0,0,0,0,0,0,0,0,0,0,0
Moray Council and Licensing Board,122,Grampian,Local Government,1231,32,3,0,0,1186,11,0,30,2,0,815,91,199,90,1,28,2,0,0,0,27,0,0,0,0,0,22,0,2,2,0,36,22,22,0,0,17,5,0,1,1,0,0,0,1,87,0,0,0,0,14,0,0,0,0,0,0,1,0,0,0,2,0,0,0,0,7,0,1,0,0,0,0,0,0,2,0,0,0,0,0,0,4,2,0,0,0,32,0,3,1,2,0,0,0,0,0,0,0,0,0,2,0,0,0,0,0
Edinburgh Napier University,125,Lothian and Borders,Educational Institutions,284,4,2,0,0,268,3,0,4,0,0,149,20,102,13,1,4,0,0,0,0,0,0,0,0,0,0,0,0,0,0,0,5,4,3,0,0,3,0,0,0,0,0,0,0,0,24,0,0,0,0,1,0,0,0,0,0,0,0,0,0,1,0,0,0,0,0,0,0,0,0,0,0,0,0,4,0,0,0,0,0,0,0,0,0,0,0,0,62,0,0,0,0,0,0,0,0,0,0,0,0,0,0,0,0,0,0,0
Newbattle Abbey College,126,Lothian and Borders,Educational Institutions,20,0,0,0,0,12,0,0,0,0,0,20,0,0,0,0,0,0,0,0,0,0,0,0,0,0,0,0,0,0,0,0,0,8,8,0,0,0,0,0,0,0,0,0,0,0,0,0,0,0,0,0,0,0,0,0,0,0,0,0,0,0,0,0,0,0,0,0,0,0,0,0,0,0,0,0,0,0,0,0,0,0,0,0,0,0,0,0,0,0,0,0,0,0,0,0,0,0,0,0,0,0,0,0,0,0,0,0
NHS 24,127,National,National Health Service,91,2,4,0,0,87,2,0,1,0,2,18,14,13,24,0,2,0,0,0,0,2,0,0,0,0,0,0,0,2,0,0,137,1,1,0,0,1,0,0,1,1,0,0,1,0,3,0,0,0,0,0,0,0,0,0,0,0,0,0,0,0,0,0,0,0,0,1,0,0,0,0,0,0,0,0,0,0,0,0,0,0,0,0,0,0,0,21,7,0,1,0,0,0,0,0,0,0,0,0,0,0,0,0,0,0,0,0
NHS Education for Scotland,128,National,National Health Service,28,0,0,0,0,26,0,0,2,0,0,22,1,2,5,0,0,0,0,0,0,0,0,0,0,0,0,0,0,0,0,0,4,0,0,0,0,0,0,0,0,0,0,0,0,0,0,0,0,0,0,0,0,0,0,0,0,0,0,0,0,0,0,0,0,0,0,0,0,0,0,0,0,0,0,0,0,0,0,0,0,0,0,0,0,0,0,2,0,0,0,0,0,0,0,0,0,0,0,0,0,0,0,0,0,0,0,0
NHS National Services Scotland,130,National,National Health Service,404,0,72,0,0,335,7,0,1,1,1,98,51,60,163,1,8,0,1,0,0,2,0,0,0,1,0,0,1,0,2,0,59,2,2,0,0,1,1,0,0,0,0,0,0,0,41,0,0,0,0,4,0,0,0,0,0,0,1,0,0,1,0,0,0,0,7,9,0,0,0,0,0,0,0,1,1,0,0,0,0,0,0,1,0,0,0,14,4,1,0,1,2,1,0,2,0,0,0,0,0,0,0,0,0,0,0,0
North Ayrshire Council and Licensing Board,131,Ayrshire,Local Government,1399,30,21,0,0,1141,228,0,78,0,0,850,62,223,113,0,76,2,0,0,0,53,13,0,5,0,0,28,5,9,10,0,,12,11,1,0,6,6,0,3,4,0,0,2,1,62,0,1,0,0,6,0,0,0,0,0,0,1,0,0,2,0,0,0,0,2,3,0,0,0,0,0,0,0,0,0,0,0,0,0,0,0,0,0,0,0,10,13,0,0,1,0,0,0,0,0,0,0,0,0,0,0,0,0,1,1,0
North Highland College,134,Highland and Islands,Educational Institutions,13,0,2,0,0,12,0,0,0,0,0,11,0,1,0,0,0,,,,,,,,0,0,0,,,,,,0,0,0,0,0,0,0,0,0,0,0,0,0,0,0,0,0,0,0,0,0,0,0,0,0,0,0,0,0,0,0,0,0,0,0,0,0,0,0,0,0,0,0,0,0,0,0,0,0,0,0,0,0,0,0,0,0,0,0,0,0,0,0,0,0,0,0,0,0,0,0,0,0,0,0,0
North Lanarkshire Council and Licensing Board,135,Strathclyde,Local Government,1318,7,5,0,0,1307,24,0,103,0,0,567,167,455,142,3,221,2,0,0,0,208,1,0,3,20,0,54,11,127,17,0,,14,7,4,0,5,3,0,4,2,1,0,2,1,142,0,1,0,0,4,0,0,0,0,0,0,0,0,0,11,2,0,0,0,0,8,0,0,6,0,0,0,0,0,0,0,0,0,0,2,0,1,2,0,0,8,105,0,0,0,187,0,0,1,1,0,0,0,0,0,0,1,0,0,68,0
Office of the Scottish Charity Regulator,139,National,Non Ministerial Officeholders,84,0,19,0,0,64,1,0,0,0,0,7,10,30,15,1,0,0,0,0,0,0,0,0,0,0,0,0,0,0,0,0,5,3,3,0,0,3,0,0,0,0,0,0,0,0,12,0,0,0,0,0,0,0,0,0,0,0,0,0,1,1,0,0,0,0,0,1,0,0,0,0,0,0,0,11,0,0,0,0,0,3,0,10,2,0,0,13,13,0,0,0,0,0,0,0,0,0,0,0,0,0,0,0,0,0,0,0
Orkney and Shetland Valuation Joint Board and Assessor for Orkney and Shetland Valuation Joint Board,140,Highland and Islands,Local Government,22,1,0,1,1,21,0,0,0,0,1,12,2,6,2,0,0,0,0,0,0,0,0,0,0,0,0,0,0,0,0,0,1,1,1,0,0,1,0,0,0,0,0,0,0,0,3,0,0,0,0,0,0,0,0,0,0,0,0,0,0,0,0,0,0,0,0,0,0,0,0,0,0,0,0,0,0,0,0,0,0,0,0,0,0,0,0,0,5,0,0,0,0,0,0,0,0,0,0,0,0,0,0,0,0,0,0,0
Orkney Islands Council and Licensing Board,141,Highland and Islands,Local Government,1150,26,4,0,0,1037,65,0,10,0,0,869,59,79,94,0,42,1,0,0,0,40,1,0,1,0,0,39,1,1,1,0,13,5,5,0,0,4,0,1,2,2,0,0,2,0,40,0,2,0,0,2,0,0,0,0,0,0,0,0,0,3,0,0,0,0,0,3,0,0,0,0,0,0,0,0,0,0,0,0,0,0,0,0,0,0,0,0,51,0,0,0,0,0,0,0,0,0,0,0,0,0,0,0,0,0,0,0
Orkney Health Board,143,Highland and Islands,National Health Service,596,10,4,0,0,553,31,0,27,0,2,385,57,115,22,0,0,0,0,0,0,0,0,0,0,0,0,0,0,0,0,0,2,2,2,0,0,1,1,0,0,0,0,0,0,0,39,0,0,0,0,4,0,0,0,0,0,0,0,0,0,0,2,0,0,0,1,0,0,0,0,0,0,0,0,1,0,0,0,0,0,0,0,0,0,0,0,1,34,0,0,0,0,0,0,0,0,0,0,0,0,0,0,0,0,0,0,0
Parole Board for Scotland,144,National,Others e.g. NDPBs,20,0,0,0,0,20,0,0,0,0,1,17,1,0,1,0,0,0,0,0,0,0,0,0,0,0,0,0,0,0,0,0,2,3,3,0,0,3,0,0,0,0,0,0,0,0,0,0,0,0,0,0,0,0,0,0,0,0,0,0,0,0,0,0,0,0,0,0,0,0,0,0,0,0,0,0,0,0,0,0,0,0,0,0,0,0,0,0,1,0,0,0,0,0,0,0,0,0,0,0,0,0,0,0,0,0,0,0
Perth and Kinross Council and Licensing Board,145,Tayside,Local Government,1377,17,12,0,0,1330,47,0,38,0,0,568,56,504,248,1,198,1,1,0,0,194,4,0,2,7,5,78,0,88,52,0,106,19,17,2,0,9,6,0,5,5,0,0,3,2,141,0,0,0,0,6,0,0,0,0,0,0,0,0,0,80,0,0,0,0,1,47,0,0,0,0,0,0,0,3,0,0,0,0,0,2,0,1,1,0,0,5,150,0,0,0,0,0,0,1,0,0,0,0,0,3,3,1,0,28,9,0
Perth College,147,Tayside,Educational Institutions,23,0,1,0,0,20,3,0,0,0,0,20,2,0,0,0,0,0,0,0,0,0,0,0,0,0,0,0,0,0,0,0,21,0,0,0,0,0,0,0,0,0,0,0,0,0,0,0,0,0,0,1,0,0,0,0,0,0,0,0,0,0,0,0,0,0,0,1,0,0,0,0,0,0,0,0,0,0,0,0,0,0,0,0,0,0,0,0,0,0,0,0,0,0,0,0,0,0,0,0,0,0,0,0,0,0,0,0
Queen's and Lord Treasurer's Remembrancer,149,National,Non Ministerial Officeholders,4,0,0,0,0,4,0,0,0,0,0,3,0,0,0,0,0,0,0,0,0,0,0,0,0,0,0,0,0,0,0,0,2,0,2,0,0,0,0,0,0,0,0,0,2,0,0,0,0,0,0,0,0,0,0,0,0,0,0,0,0,0,0,0,0,0,0,0,0,0,0,0,0,0,0,0,0,0,0,0,0,0,0,0,0,0,0,0,0,0,0,0,0,0,0,0,0,0,0,0,0,0,0,0,0,0,0,0
Queen's Printer for Scotland,150,National,Non Ministerial Officeholders,0,,,,,,,,,,,,,,,,0,,,,,,,,,,,,,,,,0,0,0,0,0,0,0,0,0,0,0,0,0,0,0,0,0,0,0,0,0,0,0,0,0,0,0,0,0,0,0,0,0,0,0,0,0,0,0,0,0,0,0,0,0,0,0,0,0,0,0,0,0,0,0,0,0,0,0,0,0,0,0,0,0,0,0,0,0,0,0,0,0,0,0,0
Queen Margaret University Edinburgh,151,Lothian and Borders,Educational Institutions,235,12,0,0,0,198,21,2,3,0,0,165,4,41,4,0,0,0,0,0,0,0,0,0,0,0,0,0,0,0,0,0,1,0,0,0,0,0,0,0,0,0,0,0,0,0,4,0,0,0,0,0,0,0,0,0,0,0,0,0,0,0,0,0,0,0,0,0,0,0,0,0,0,0,0,0,0,0,0,0,0,0,0,0,0,0,0,0,8,0,0,0,0,0,0,0,0,0,0,0,0,0,0,0,0,0,0,0
Renfrewshire Council,155,Strathclyde,Local Government,1391,1,7,0,0,1420,65,1,6,0,3,1144,69,193,80,0,35,0,0,0,0,35,0,0,0,0,0,27,0,11,2,0,72,16,16,0,0,6,5,2,1,1,0,0,1,0,55,0,0,0,1,0,0,0,0,0,0,0,0,1,0,1,0,0,0,0,0,17,0,0,0,0,0,0,0,1,0,0,0,0,0,1,0,0,0,0,0,0,35,0,0,1,0,0,0,0,0,0,0,0,0,0,0,0,0,0,0,0
Renfrewshire Licensing Board,156,Strathclyde,Local Government,11,0,0,0,0,11,0,0,0,0,0,7,0,4,0,0,0,0,0,0,0,0,0,0,0,0,0,0,0,0,0,0,0,0,0,0,0,0,0,0,0,0,0,0,0,0,0,0,0,0,0,0,0,0,0,0,0,0,0,0,0,1,0,0,0,0,0,3,0,0,0,0,0,0,0,0,0,0,0,0,0,0,0,0,0,0,0,0,4,0,0,0,0,0,0,0,0,0,0,0,0,0,0,0,0,0,0,0
Renfrewshire Valuation Joint Board and Assessor for Renfrewshire Valuation Joint Board,157,Strathclyde,Local Government,19,0,0,0,0,19,0,0,0,0,0,10,6,4,2,0,0,0,0,0,0,0,0,0,0,0,0,0,0,0,0,0,0,1,1,0,0,1,0,0,0,0,0,0,0,0,0,0,0,0,0,0,0,0,0,0,0,0,0,0,0,0,0,0,0,0,0,0,0,0,0,0,0,0,0,0,0,0,0,0,0,0,0,0,0,0,0,0,0,0,0,0,0,0,0,0,0,0,0,0,0,0,0,0,0,0,0,0
Robert Gordon University,159,Grampian,Educational Institutions,240,2,0,0,0,231,10,0,2,0,0,164,24,33,32,0,10,1,0,0,0,10,0,0,0,0,0,5,1,0,3,0,2,4,4,0,0,2,2,0,0,0,0,0,0,0,8,0,1,0,0,1,0,0,0,0,0,0,0,0,0,0,0,0,0,0,0,1,0,0,0,0,0,0,0,0,0,0,0,0,0,0,0,0,1,0,0,1,17,0,0,0,0,0,0,2,0,0,0,0,0,0,0,0,0,0,0,0
Royal Conservatoire of Scotland,161,Strathclyde,Educational Institutions,70,0,1,0,0,68,1,0,1,0,0,63,0,3,3,0,1,0,0,0,0,1,0,0,0,0,0,1,0,0,,0,1,0,0,0,0,0,0,0,0,0,0,0,0,0,0,0,0,0,0,0,0,0,0,0,0,0,0,0,0,0,0,0,0,0,0,0,0,0,0,0,0,0,0,0,0,0,0,0,0,0,0,0,0,0,0,0,1,0,0,0,0,0,0,0,0,0,0,0,0,0,0,0,0,0,0,0
Sabhal Mor Ostaig,162,Highland and Islands,Educational Institutions,13,0,1,0,0,10,1,0,0,0,0,6,0,0,0,0,0,0,0,0,0,0,0,0,0,0,0,0,0,0,0,0,0,0,0,0,0,0,0,0,0,0,0,0,0,0,0,0,0,0,0,0,0,0,0,0,0,0,0,0,0,0,0,0,0,0,0,0,0,0,0,0,0,0,0,0,0,0,0,0,0,0,0,0,0,0,0,0,0,0,0,0,0,0,0,0,0,0,0,0,0,0,0,0,0,0,0,0
Scottish Advisory Committee on Distinction Awards,163,National,National Health Service,0,0,0,0,0,0,0,0,0,0,0,0,0,0,0,0,0,0,0,0,0,0,0,0,0,0,0,0,0,0,0,0,0,0,0,0,0,0,0,0,0,0,0,0,0,0,0,0,0,0,0,0,0,0,0,0,0,0,0,0,0,0,0,0,0,0,0,0,0,0,0,0,0,0,0,0,0,0,0,0,0,0,0,0,0,0,0,0,0,0,0,0,0,0,0,0,0,0,0,0,0,0,0,0,0,0,0,0
SRUC,164,National,Educational Institutions,34,1,0,0,0,27,6,0,0,0,0,23,0,2,2,0,1,0,0,0,0,1,0,0,0,0,0,1,0,0,0,0,11,1,1,0,0,1,0,0,0,0,0,0,0,0,0,0,0,0,0,0,0,0,0,0,0,0,0,0,0,0,0,0,0,0,0,0,0,0,0,0,0,0,0,0,0,0,0,0,0,0,0,0,0,0,0,0,0,0,0,0,0,0,0,0,0,0,0,0,0,0,0,0,0,0,0,0
Scottish Ambulance Service Board,166,National,National Health Service,381,5,9,0,0,220,88,13,0,0,0,240,1,12,8,0,0,0,0,0,0,0,0,0,0,0,0,0,0,0,0,0,285,2,2,0,0,0,0,0,0,0,0,0,0,0,0,0,0,0,0,0,0,0,0,0,0,0,0,0,0,0,0,0,0,0,0,0,0,0,0,0,0,0,0,0,0,0,0,0,0,0,0,0,0,0,0,0,0,0,0,0,0,0,0,0,0,0,0,0,0,0,0,0,0,0,0,0
Scottish Borders Council and Licensing Board,167,Lothian and Borders,Local Government,822,92,9,0,0,731,76,2,29,1,2,441,52,275,49,1,481,17,3,0,0,455,8,0,2,3,0,265,13,163,28,0,26,17,17,0,0,6,6,0,17,17,0,0,11,6,60,0,2,0,0,3,0,0,0,0,0,0,0,0,0,3,0,0,0,0,0,16,0,0,0,0,0,0,0,0,0,0,0,0,0,0,0,0,5,0,0,2,60,0,0,42,356,0,0,1,2,0,1,0,1,15,0,1,0,5,92,1
Scottish Children's Reporter Administration,169,National,Others e.g. NDPBs,20,,,,,13,3,,,,,10,1,2,7,,0,,,,,,,,,,,,,,,,45,1,1,0,0,1,0,0,0,0,0,0,0,0,0,0,0,0,0,0,0,0,0,0,0,0,1,0,0,1,0,0,0,0,0,0,0,0,0,0,0,0,0,0,0,0,0,0,0,0,0,0,0,0,0,1,0,0,0,0,0,0,0,0,0,0,0,0,0,0,0,0,0,0,0,0
Scottish Courts and Tribunals Service,170,National,Non Ministerial Officeholders,257,1,1,0,0,221,16,2,25,0,0,148,73,27,31,0,0,0,0,0,0,0,0,0,0,0,0,0,0,0,0,0,0,7,4,1,2,4,1,0,0,0,0,0,0,0,4,0,0,0,0,2,0,0,0,0,0,0,4,1,0,0,0,0,0,0,0,1,0,0,0,0,0,0,0,0,0,0,0,0,0,0,0,0,0,28,1,13,14,0,0,0,0,0,0,0,0,0,0,0,0,0,0,0,0,0,0,0
Scottish Criminal Cases Review Commission,171,National,Others e.g. NDPBs,30,0,0,1,0,13,0,0,0,1,0,15,1,10,0,0,0,0,0,0,0,0,0,0,0,0,0,0,0,0,0,0,9,6,4,0,0,4,0,0,0,0,0,0,0,0,0,0,2,0,0,0,0,0,0,0,0,0,0,1,1,1,0,0,0,0,0,0,0,0,0,0,0,0,0,0,0,0,0,0,0,0,0,0,0,0,0,0,0,0,0,0,0,0,0,0,0,0,0,0,0,0,0,0,0,0,0,0
Scottish Dental Practice Board,172,National,National Health Service,1,0,0,0,0,1,0,0,0,0,0,0,0,0,1,0,0,0,0,0,0,0,0,0,0,0,0,0,0,0,0,0,0,0,0,0,0,0,0,0,0,0,0,0,0,0,0,0,0,0,0,0,0,0,0,0,0,0,0,0,0,0,0,0,0,0,0,0,0,0,0,0,0,0,0,0,0,0,0,0,0,0,0,0,0,0,0,0,0,0,0,0,0,0,0,0,0,0,0,0,0,0,0,0,0,0,0,0
Scottish Enterprise,173,National,Others e.g. NDPBs,63,1,0,0,0,59,3,0,0,1,0,19,0,30,12,0,0,0,0,0,0,0,0,0,0,0,0,0,0,0,0,0,2,3,3,0,0,2,1,0,0,0,0,0,0,0,0,0,0,0,0,0,0,0,0,0,0,0,0,6,7,6,0,0,0,0,0,19,0,0,0,0,0,0,0,0,0,0,0,0,0,0,0,0,13,0,0,0,21,0,0,0,0,0,0,0,0,0,0,0,0,0,0,0,0,0,0,0
Scottish Environment Protection Agency,174,National,Others e.g. NDPBs,41,,,,,37,,,,,,12,1,20,4,,529,16,8,4,,511,18,,1,,,107,42,349,31,1,20,0,1,2,0,0,0,0,15,10,8,0,6,12,1,0,0,0,0,0,0,0,0,0,0,0,0,0,0,1,0,0,0,0,0,0,0,0,0,0,0,0,0,0,0,0,0,0,0,0,0,0,0,0,0,0,5,0,0,0,530,0,0,8,8,6,25,1,5,25,8,1,3,3,197,5
Scottish Further and Higher Education Funding Council,176,National,Others e.g. NDPBs,136,5,1,0,0,56,52,1,0,0,0,51,0,23,20,0,0,,,,,,,,,,,,,,,,2,16,5,7,0,1,0,3,0,0,0,0,0,0,7,0,0,0,0,0,0,0,0,0,0,0,0,3,2,4,0,0,0,0,3,4,0,0,0,0,0,0,0,0,0,0,0,0,0,0,0,6,1,0,0,5,11,1,0,0,0,0,0,0,0,0,0,0,0,0,0,0,0,0,0,0
Scottish Information Commissioner,177,National,Others e.g. NDPBs,106,1,6,0,0,105,0,0,0,0,1,17,3,15,62,0,1,0,0,0,0,1,0,0,0,0,0,0,0,1,0,0,14,5,5,0,0,3,0,0,1,0,0,0,0,0,6,0,0,0,0,0,0,0,0,0,0,0,0,0,0,3,0,0,0,0,0,0,0,0,0,0,0,0,0,0,0,0,0,0,0,0,0,0,0,0,0,2,6,0,0,0,0,0,0,0,0,0,0,0,1,0,0,0,0,1,1,0
Scottish Law Commission,178,National,Others e.g. NDPBs,4,0,0,0,0,4,0,0,0,0,0,4,0,0,0,0,0,0,0,0,0,0,0,0,0,0,0,0,0,0,0,0,0,0,0,0,0,0,0,0,0,0,0,0,0,0,0,0,0,0,0,0,0,0,0,0,0,0,0,0,0,0,0,0,0,0,0,0,0,0,0,0,0,0,0,0,0,0,0,0,0,0,0,0,0,0,0,0,0,0,0,0,0,0,0,0,0,0,0,0,0,0,0,0,0,0,0,0
Scottish Legal Aid Board,179,National,Others e.g. NDPBs,104,0,3,0,0,96,8,0,6,0,0,67,6,11,10,0,0,0,0,0,0,0,0,0,0,0,0,0,0,0,0,0,0,4,4,0,0,4,0,0,0,0,0,0,0,0,3,0,3,0,0,0,0,0,0,0,0,0,0,0,1,1,0,0,0,0,0,1,0,0,0,0,0,0,0,0,0,0,0,0,0,0,0,0,0,0,0,1,1,0,0,0,0,0,0,0,0,0,0,0,0,0,0,0,0,0,0,0
Scottish Ministers (including most Government Agencies and Non-Ministerial Officeholders),180,National,Ministers/Parliament,2520,8,12,,,2002,325,82,136,10,13,852,295,669,493,0,522,1,4,,,422,39,35,,,,195,63,141,61,1,56,220,145,67,5,145,10,55,44,32,9,3,25,14,0,0,0,0,0,49,1,17,87,14,5,0,2,117,93,63,0,0,0,0,0,86,0,3,0,0,0,0,0,0,0,0,0,0,0,0,0,20,12,0,0,12,242,0,1,3,4,1,1,17,29,1,5,1,1,14,15,2,0,4,77,1
Scottish Natural Heritage,181,National,Others e.g. NDPBs,26,0,1,0,0,26,1,0,0,1,0,17,0,6,3,0,104,0,2,0,0,90,1,1,12,0,1,26,1,59,4,0,1,2,2,0,0,1,0,0,4,3,0,0,2,1,0,0,0,0,0,0,0,0,0,0,0,0,0,0,0,0,0,0,0,0,0,1,0,0,0,0,0,0,0,0,0,0,0,0,0,0,0,0,0,0,0,0,3,0,0,0,52,0,0,2,2,0,3,0,1,1,3,3,0,4,45,0
Scottish Parliament,182,National,Ministers/Parliament,181,0,5,0,0,180,0,0,1,0,0,48,4,26,96,0,0,0,0,0,0,0,0,0,0,0,0,0,0,0,0,0,5,3,3,0,0,3,0,0,0,0,0,0,1,0,12,0,0,0,0,1,0,0,0,0,0,0,0,0,1,0,0,0,0,7,0,7,0,0,0,0,0,0,0,0,0,0,0,0,0,0,0,1,7,0,1,8,10,0,0,1,0,0,0,0,0,0,0,0,0,0,0,0,0,0,0,0
Scottish Prison Service,184,National,Ministers/Parliament,519,3,2,0,0,457,34,2,10,1,4,309,31,97,24,0,0,0,0,0,0,0,0,0,0,0,0,0,0,0,0,0,0,47,38,2,0,28,4,8,0,0,0,0,0,0,5,0,0,0,0,0,0,0,1,0,0,0,0,0,0,2,0,0,0,0,0,1,0,0,1,0,0,0,0,1,0,0,0,0,1,0,0,0,0,0,0,7,3,0,0,0,0,0,0,0,0,0,0,0,0,0,0,0,0,0,0,0
Scottish Public Services Ombudsman,186,National,Others e.g. NDPBs,130,1,3,0,0,124,6,0,1,0,2,10,79,13,9,0,12,0,0,0,0,10,1,0,0,0,0,0,12,0,0,0,74,8,8,0,0,7,0,0,1,1,0,0,1,0,16,0,73,0,0,1,0,0,0,0,0,0,0,0,0,0,0,0,0,0,0,0,0,0,0,0,0,0,0,0,0,0,0,0,0,0,0,0,0,0,0,56,9,0,0,0,0,0,0,0,0,0,0,0,11,0,0,0,0,8,0,0
Scottish Qualifications Authority,187,National,Others e.g. NDPBs,186,,1,,,178,6,,7,,,54,86,44,36,,0,,,,,,,,,,,,,,,,63,3,3,0,0,2,1,0,0,0,0,0,0,0,21,0,0,0,0,18,0,0,0,0,0,0,0,0,0,3,0,0,0,0,0,1,0,0,0,0,0,0,0,0,0,0,0,0,0,3,0,0,1,0,0,30,28,0,0,0,0,0,0,0,0,0,0,0,0,0,0,0,0,0,0,0
Scottish Social Services Council,188,National,Others e.g. NDPBs,39,0,1,0,0,37,1,0,0,0,0,26,2,6,4,0,0,0,0,0,0,0,0,0,0,0,0,0,0,0,0,0,17,1,1,0,0,1,0,0,0,0,0,0,0,0,0,0,0,0,0,0,0,0,0,0,0,0,0,0,0,0,0,0,0,0,0,0,0,0,0,0,0,0,0,0,0,0,0,0,0,0,0,0,0,0,0,1,4,0,0,0,0,0,0,0,0,0,0,0,0,0,0,0,0,0,0,0
Scottish Sports Council,189,National,Others e.g. NDPBs,27,0,0,0,0,22,1,0,1,0,0,7,1,12,1,0,2,0,0,0,0,1,0,0,0,0,0,1,0,1,0,0,0,0,0,0,0,0,0,0,0,0,0,0,0,0,4,0,0,0,0,0,0,0,0,0,0,0,0,1,1,1,0,0,0,0,0,1,0,0,0,0,0,0,0,1,0,0,0,0,0,0,0,0,0,0,0,0,4,0,0,0,2,0,0,0,0,0,0,0,0,0,0,0,0,0,1,0
Scottish Water,190,National,Others e.g. NDPBs,94,1,0,0,1,90,4,0,0,0,0,93,0,0,1,0,409,0,1,2,0,356,53,0,29,6,2,383,0,21,16,0,0,5,5,0,0,2,0,0,7,6,1,0,4,3,20,0,0,0,0,0,0,0,0,0,0,0,0,0,0,0,0,0,1,0,0,4,0,0,0,0,0,0,0,0,0,0,0,0,0,0,0,0,0,0,0,0,3,0,0,0,1,0,0,0,0,1,6,1,0,0,0,0,0,35,127,0
Shetland Islands Council (including Licensing Board and Transport Partnership),191,Highland and Islands,Local Government,1105,11,10,0,0,1036,84,7,2,1,1,955,4,92,47,0,42,0,0,0,0,41,3,1,0,0,0,40,0,1,2,0,19,2,0,2,0,2,0,0,2,1,0,0,0,1,30,0,0,0,0,2,0,0,0,0,0,0,0,2,2,2,0,0,0,0,0,2,0,0,0,0,0,0,0,1,0,0,0,0,0,1,0,2,10,0,0,0,17,0,0,4,0,0,0,0,0,0,0,0,0,0,0,0,0,0,0,0
Shetland Health Board,193,Highland and Islands,National Health Service,536,1,1,0,0,458,78,7,18,0,0,435,14,68,9,0,3,0,0,0,0,6,0,0,0,0,0,5,0,0,0,0,0,5,5,0,0,4,1,1,0,0,0,0,0,0,0,0,0,0,0,1,0,0,0,0,0,0,0,0,0,0,0,0,0,0,0,0,0,0,0,0,0,0,0,0,0,0,0,0,0,3,0,0,0,0,0,8,35,0,0,0,4,0,0,0,0,0,0,0,0,0,0,0,0,0,0,0
South Ayrshire Council and Licensing Board,194,Ayrshire,Local Government,1046,14,5,2,0,950,107,0,14,0,0,848,141,0,44,0,387,0,2,0,0,349,19,0,0,0,0,310,20,0,0,0,65,2,2,0,0,0,2,0,0,0,0,0,0,0,51,0,0,0,0,0,0,0,0,0,0,0,3,0,0,0,0,0,0,0,1,0,0,0,0,0,0,0,0,19,0,0,0,0,0,0,0,0,0,0,0,16,0,0,0,0,0,0,0,0,0,0,0,0,0,0,0,0,0,0,0,0
South Lanarkshire College,196,Strathclyde,Educational Institutions,26,0,2,0,0,24,1,0,0,0,0,25,0,0,1,0,0,0,0,0,0,0,0,0,0,0,0,0,0,0,0,0,0,0,0,0,0,0,0,0,0,0,0,0,0,0,0,0,0,0,0,0,0,0,0,0,0,0,0,0,0,0,0,0,0,0,0,0,0,0,0,0,0,0,0,0,0,0,0,0,0,0,0,0,0,0,0,0,0,0,0,0,0,0,0,0,0,0,0,0,0,0,0,0,0,0,0,0
South Lanarkshire Council,197,Strathclyde,Local Government,1348,14,2,2,,1301,47,0,59,1,25,736,233,343,324,26,242,2,0,9,,234,8,0,0,1,0,115,28,89,69,0,94,17,16,1,0,5,4,1,13,12,1,0,2,9,43,4,0,0,0,43,0,0,0,0,0,0,0,1,1,6,0,0,0,0,0,11,0,0,1,0,1,0,0,0,0,0,0,0,0,0,0,7,1,0,0,13,90,0,0,0,0,0,0,1,2,0,1,0,0,3,1,1,0,0,18,0
South Lanarkshire Licensing Board,198,Strathclyde,Local Government,3,0,0,0,0,3,0,0,0,0,0,2,0,1,0,0,0,0,0,0,0,0,0,0,0,0,0,0,0,0,0,0,0,0,0,0,0,0,0,0,0,0,0,0,0,0,0,0,0,0,0,0,0,0,0,0,0,0,0,0,0,0,0,0,0,0,0,0,0,0,0,0,0,0,0,0,0,0,0,0,0,0,0,0,0,0,0,0,0,0,0,0,0,0,0,0,0,0,0,0,0,0,0,0,0,0,0,0
Standards Commission for Scotland,200,National,Others e.g. NDPBs,8,1,0,0,0,7,0,0,0,0,0,4,0,0,3,0,0,0,0,0,0,0,0,0,0,0,0,0,0,0,0,0,0,0,0,0,0,0,0,0,0,0,0,0,0,0,0,0,0,0,0,0,0,0,0,0,0,0,0,0,0,0,0,0,0,0,0,0,0,0,0,0,0,0,0,0,0,0,0,0,0,0,0,0,0,0,0,0,0,0,0,0,0,0,0,0,0,0,0,0,0,0,0,0,0,0,0,0
State Hospitals Board For Scotland,201,National,National Health Service,40,0,2,0,0,34,6,10,0,0,0,26,0,12,4,0,0,0,0,0,0,0,0,0,0,0,0,0,0,0,0,0,4,0,0,0,0,0,0,0,0,0,0,0,0,0,0,0,0,0,0,0,0,0,0,0,0,0,0,1,0,0,0,0,0,0,0,0,0,0,0,0,0,0,0,1,0,0,0,0,0,0,0,0,1,0,0,0,3,0,0,0,0,0,0,0,0,0,0,0,0,0,0,0,0,0,0,0
Stirling Council and Licensing Board,202,Central,Local Government,1313,43,6,0,0,1216,140,0,61,0,0,726,282,340,363,3,,,,,,,,,0,0,0,,,,,,74,21,8,11,8,4,11,3,0,0,0,0,0,0,145,0,0,0,0,3,0,0,0,0,0,0,0,0,0,11,0,0,0,4,0,12,0,0,2,0,0,0,0,0,0,0,0,0,0,0,0,4,1,0,0,0,36,0,0,1,0,0,0,0,2,0,0,0,2,1,1,0,0,0,3,0
Strathclyde Partnership for Transport,205,Strathclyde,Local Government,40,0,0,0,0,43,3,0,1,0,0,12,0,27,5,0,3,0,0,0,0,3,0,0,0,0,0,0,0,3,0,0,5,1,1,0,0,1,0,0,0,0,0,0,0,0,4,0,0,0,0,1,0,0,0,0,0,0,0,0,0,0,0,0,0,0,0,2,0,0,0,0,0,0,0,0,0,0,0,0,0,0,0,0,0,0,0,2,17,0,0,0,2,0,0,0,0,0,0,0,0,0,0,0,0,0,1,0
Tay Road Bridge Joint Board,207,Tayside,Local Government,1,0,0,0,0,1,0,0,0,0,0,1,0,0,0,0,0,0,0,0,0,0,0,0,0,0,0,0,0,0,0,0,1,1,1,0,0,0,0,0,0,0,0,0,0,0,0,0,0,0,0,0,0,0,0,0,0,0,0,0,0,0,0,0,0,0,0,0,0,0,0,0,0,0,0,0,0,0,0,0,0,0,0,0,0,0,0,0,0,0,0,0,0,0,0,0,0,0,0,0,0,0,0,0,0,0,0,0
Tayside Health Board,209,Tayside,National Health Service,754,21,4,0,0,525,182,39,39,0,0,317,1,308,32,1,22,0,0,0,0,9,10,3,3,0,0,10,0,1,0,0,0,11,5,2,0,4,0,4,3,3,0,0,1,2,6,0,0,0,0,0,0,0,0,0,0,0,0,0,0,0,0,0,0,0,8,6,0,0,0,0,0,0,0,0,0,0,0,0,0,0,0,0,1,0,0,76,76,0,0,0,0,0,0,0,0,0,0,0,1,3,2,0,0,0,4,0
Tayside Valuation Joint Board,210,Tayside,Local Government,1,0,0,0,0,1,0,0,0,0,0,1,0,0,0,0,0,0,0,0,0,0,0,0,0,0,0,0,0,0,0,0,0,0,0,0,0,0,0,0,0,0,0,0,0,0,0,0,0,0,0,0,0,0,0,0,0,0,0,0,0,0,0,0,0,0,0,0,0,0,0,0,0,0,0,0,0,0,0,0,0,0,0,0,0,0,0,0,0,0,0,0,0,0,0,0,0,0,0,0,0,0,0,0,0,0,0,0
Police Investigations and Review Commissioner,212,National,Others e.g. NDPBs,50,0,1,0,0,49,0,0,0,0,0,26,7,6,9,1,0,0,0,0,0,0,0,0,0,0,0,0,0,0,0,0,34,3,3,0,0,3,0,0,0,0,0,0,0,0,0,0,0,0,0,0,1,0,0,0,0,0,1,0,0,5,0,0,0,0,0,0,0,0,2,2,2,0,0,4,1,0,0,0,0,2,0,0,0,0,0,0,11,0,0,0,0,0,0,0,0,0,0,0,0,0,0,0,0,0,0,0
Scottish Legal Complaints Commission,213,National,Others e.g. NDPBs,43,0,3,0,0,41,0,0,0,0,0,12,11,7,11,1,0,0,0,0,0,0,0,0,0,0,0,0,0,0,0,0,7,2,2,0,0,2,0,0,0,0,0,0,0,0,4,0,7,0,0,1,0,0,1,0,0,0,0,0,0,6,0,0,0,0,0,0,0,0,0,0,0,0,0,0,0,0,0,0,0,0,0,0,0,0,0,1,5,0,0,0,0,0,0,0,0,0,0,0,0,0,0,0,0,0,0,0
National Library of Scotland,215,National,Others e.g. NDPBs,20,,,,,19,,,1,,,15,,3,1,,1,,,,,1,,,,,,1,,,,,5,0,0,0,0,0,0,0,0,0,0,0,0,0,4,0,0,0,0,0,0,0,0,0,0,0,0,0,0,0,0,0,0,0,0,1,0,0,0,0,0,0,0,0,0,0,0,0,0,0,0,0,0,0,0,1,1,0,0,0,0,0,0,0,0,0,0,0,0,0,0,0,0,0,0,0
University of the Highlands and Islands,216,Highland and Islands,Educational Institutions,125,0,0,0,0,120,1,0,0,0,0,41,27,49,0,0,1,0,0,0,0,2,0,0,0,0,0,1,0,0,0,0,1,0,0,0,0,0,0,0,0,0,0,0,0,0,0,0,0,0,0,0,0,0,0,0,0,0,0,0,0,0,0,0,0,0,0,1,0,0,0,0,0,0,0,0,0,0,0,0,0,0,0,0,0,0,0,2,0,0,0,0,0,0,0,0,0,0,0,0,0,0,0,0,0,0,0,0
University of Aberdeen,217,Grampian,Educational Institutions,347,6,0,0,0,310,5,1,11,1,0,112,15,114,56,0,3,0,0,0,0,3,0,0,0,0,0,1,0,1,1,0,13,4,4,0,0,0,1,2,1,1,0,0,1,0,29,0,0,0,0,1,0,0,0,0,0,0,0,0,0,3,0,0,0,0,0,5,0,0,0,0,0,0,0,1,0,0,0,0,0,0,0,0,0,0,0,0,20,0,0,1,0,0,0,0,0,0,0,0,0,0,0,0,0,0,0,0
University of Abertay Dundee,218,Tayside,Educational Institutions,224,1,0,1,1,221,1,0,11,0,2,69,11,115,33,0,17,0,0,0,0,16,1,0,0,0,0,2,2,9,4,0,8,3,3,0,0,2,1,0,0,0,0,0,0,0,11,13,0,0,0,1,0,0,0,0,0,0,0,0,0,2,0,0,0,0,0,6,0,0,0,0,0,0,0,1,0,0,0,0,0,0,0,0,2,0,0,0,33,0,0,0,13,0,0,0,0,0,0,0,0,0,0,0,0,0,0,0
University of Dundee,219,Tayside,Educational Institutions,354,3,1,0,0,335,16,0,5,0,4,127,23,171,27,2,2,0,0,0,0,2,0,0,0,0,0,1,0,0,1,0,15,5,3,1,0,3,1,0,0,0,0,0,0,0,39,0,0,0,0,0,0,0,0,0,0,0,0,0,1,10,0,0,0,0,0,3,0,0,0,0,0,0,0,0,0,0,0,0,0,0,0,0,0,0,0,0,74,0,1,2,0,0,0,0,0,0,0,0,0,0,0,0,0,0,0,0
University of Edinburgh,220,Lothian and Borders,Educational Institutions,505,2,5,3,0,401,76,1,61,0,1,,30,,29,0,28,0,0,0,0,23,3,0,0,0,0,,1,,3,0,37,13,11,1,0,11,0,1,0,0,0,0,0,0,0,0,0,0,0,0,0,0,0,0,0,0,0,0,0,0,0,0,0,0,0,0,0,0,0,0,0,0,0,0,0,0,0,0,0,0,0,0,0,0,0,0,0,0,0,0,0,0,0,0,0,0,0,0,0,0,0,0,0,0,0,0
University of Glasgow,221,Strathclyde,Educational Institutions,438,,,,,,,,,,,,,,,,5,,,,,,,,,,,,,,,,,11,0,0,0,0,0,0,0,0,0,0,0,0,0,0,0,0,0,0,0,0,0,0,0,0,0,0,0,0,0,0,0,0,0,0,0,0,0,0,0,0,0,0,0,0,0,0,0,0,0,0,0,0,0,0,0,0,0,0,0,0,0,0,0,0,0,0,0,0,0,0,0,0,0,0
University of the West of Scotland,222,Strathclyde,Educational Institutions,247,1,0,5,0,227,20,0,8,0,2,157,13,72,10,0,0,0,0,0,0,0,0,0,0,0,0,0,0,0,0,0,53,3,2,1,0,1,1,0,0,0,0,0,0,0,5,0,0,0,0,1,0,0,0,0,0,0,0,0,0,2,0,0,0,0,0,6,0,0,0,0,0,0,0,1,0,0,0,0,0,0,0,0,0,0,0,0,9,0,0,0,0,0,0,0,0,0,0,0,0,0,0,0,0,0,0,0
University of St Andrews,223,Fife,Educational Institutions,390,20,3,3,0,328,2,0,28,0,3,87,41,145,46,9,11,0,0,0,0,14,0,0,0,0,0,0,0,11,3,0,11,2,2,0,0,2,0,0,1,1,0,0,1,0,22,32,0,0,0,2,0,0,0,0,0,0,0,0,0,8,0,0,0,0,0,1,0,0,0,0,0,0,0,1,0,0,0,0,0,0,0,0,3,0,0,4,31,0,0,0,14,0,0,0,0,0,0,0,0,0,0,0,0,0,0,0
University of Stirling,224,Central,Educational Institutions,321,9,1,0,0,311,3,0,7,0,0,224,22,28,37,1,3,0,1,1,0,2,0,0,0,0,0,0,0,0,2,0,20,5,5,0,0,3,2,0,0,0,0,0,0,0,2,0,0,0,0,2,0,0,0,0,0,0,0,0,0,7,0,0,0,0,0,4,0,0,0,0,0,0,0,0,0,0,0,0,0,0,0,1,3,0,0,1,27,0,0,1,0,0,0,0,0,0,0,0,0,0,0,0,0,0,0,0
University of Strathclyde,225,Strathclyde,Educational Institutions,300,6,1,0,0,278,2,0,0,0,0,129,4,110,21,0,2,0,0,0,0,2,0,0,0,0,0,0,0,0,0,0,23,5,6,0,0,4,1,0,0,0,0,0,0,0,15,0,0,0,0,0,0,0,0,0,0,0,1,0,2,7,0,0,1,0,0,4,0,0,0,0,0,0,0,0,0,0,0,0,0,0,0,0,0,0,0,0,24,0,0,2,0,0,0,0,0,0,0,0,0,0,0,0,0,0,0,0
VisitScotland,226,National,Others e.g. NDPBs,36,0,0,0,0,34,2,0,6,0,0,9,6,18,2,0,0,0,0,0,0,0,0,0,0,0,0,0,0,0,0,0,0,2,2,0,0,2,0,0,0,0,0,0,0,0,3,0,0,0,0,0,0,0,0,0,0,0,0,0,0,1,0,0,0,0,0,3,0,0,0,0,0,0,0,0,0,0,0,0,0,0,0,0,0,0,0,0,1,0,0,0,0,0,0,0,0,0,0,0,0,0,0,0,0,0,0,0
Water Industry Commission for Scotland,227,National,Others e.g. NDPBs,6,0,0,0,0,6,0,0,0,0,0,0,0,4,2,0,0,,,,,,,,,,,,,,,,0,0,0,0,0,0,0,0,0,0,0,0,0,0,0,0,0,0,0,0,0,0,0,0,0,0,0,0,0,0,0,0,0,0,0,0,0,0,0,0,0,0,0,0,0,0,0,0,0,0,0,0,0,0,0,0,1,0,0,0,0,0,0,0,0,0,0,0,0,0,0,0,0,0,0,0
West Dunbartonshire Council and Licensing Board,228,Strathclyde,Local Government,1219,,,,,1111,108,0,,,,,,,,,0,,,,,0,0,0,,,,,,,,,,16,6,3,0,0,0,0,0,0,0,0,0,0,0,0,0,0,0,0,0,0,0,0,0,0,0,0,0,0,0,0,0,0,0,0,0,0,0,0,0,0,0,0,0,0,0,0,0,0,0,0,0,0,0,0,0,0,0,0,0,0,0,0,0,0,0,0,0,0,0,0,0,0,0,0
West Lothian College,230,Lothian and Borders,Educational Institutions,19,0,0,0,0,19,0,0,0,0,0,19,0,0,0,0,0,0,0,0,0,0,0,0,0,0,0,0,0,0,0,0,0,0,0,0,0,0,0,0,0,0,0,0,0,0,0,0,0,0,0,0,0,0,0,0,0,0,0,0,0,0,0,0,0,0,0,0,0,0,0,0,0,0,0,0,0,0,0,0,0,0,0,0,0,0,0,0,0,0,0,0,0,0,0,0,0,0,0,0,0,0,0,0,0,0,0,0
West Lothian Council,231,Lothian and Borders,Local Government,1338,0,0,0,0,1212,126,0,62,0,0,1045,129,153,122,0,23,0,0,0,0,17,4,0,0,1,0,16,3,3,2,0,108,19,8,5,0,7,3,0,0,2,0,0,0,0,38,14,1,1,0,3,0,0,0,0,0,0,2,0,0,0,0,0,0,0,4,0,0,0,0,0,0,0,0,6,0,0,0,0,0,0,0,8,0,0,0,6,2,0,0,0,0,0,0,0,0,0,0,0,0,0,0,0,0,0,0,0
West Lothian Licensing Board,232,Lothian and Borders,Local Government,5,0,0,0,0,5,0,0,0,0,0,4,0,0,0,0,0,0,0,0,0,0,0,0,0,0,0,0,0,0,0,0,0,0,0,0,0,0,0,0,0,0,0,0,0,0,0,0,0,0,0,0,0,0,0,0,0,0,0,0,0,0,0,0,0,0,0,0,0,0,0,0,0,0,0,0,0,0,0,0,0,0,0,0,0,0,0,0,0,0,0,0,0,0,0,0,0,0,0,0,0,0,0,0,0,0,0,0
Western Isles Licensing Board,233,Highland and Islands,Local Government,3,0,0,0,0,3,0,0,0,0,0,3,0,0,0,0,0,0,0,0,0,0,0,0,0,0,0,0,0,0,0,0,0,0,0,0,0,0,0,0,0,0,0,0,0,0,0,0,0,0,0,0,0,0,0,0,0,0,0,0,0,0,0,0,0,0,0,0,0,0,0,0,0,0,0,0,0,0,0,0,0,0,0,0,0,0,0,0,0,0,0,0,0,0,0,0,0,0,0,0,0,0,0,0,0,0,0,0
Western Isles Health Board,234,Highland and Islands,National Health Service,523,0,0,2,0,412,105,5,3,0,0,384,2,1,0,0,0,0,0,0,0,0,0,0,0,0,0,0,0,0,0,0,89,2,2,0,0,0,2,0,0,0,0,0,0,0,0,0,0,0,0,1,0,0,0,0,0,0,0,0,0,0,0,0,0,0,0,1,0,0,0,0,0,0,0,0,0,0,0,0,0,0,0,0,0,0,0,0,0,0,0,0,0,0,0,0,0,0,0,0,0,0,0,0,0,0,0,0
Scottish Road Works Commissioner,235,National,Others e.g. NDPBs,4,0,0,0,0,1,0,0,0,0,0,4,0,0,0,0,41,0,0,0,0,31,0,0,0,0,0,24,0,15,2,0,0,0,0,0,0,0,0,0,0,0,0,0,0,0,2,0,0,0,0,0,0,0,0,0,0,0,0,0,0,0,0,0,0,0,0,0,0,0,0,0,0,0,0,0,0,0,0,0,0,0,0,0,0,0,0,0,0,0,0,0,41,0,0,0,0,0,0,0,0,0,0,0,0,0,0,0
Scottish Commission for Human Rights,237,National,Others e.g. NDPBs,2,0,0,0,0,2,0,0,0,0,0,2,0,0,0,0,0,0,0,0,0,0,0,0,0,0,0,0,0,0,0,0,0,0,0,0,0,0,0,0,0,0,0,0,0,0,0,0,0,0,0,0,0,0,0,0,0,0,0,0,0,0,0,0,0,0,0,0,0,0,0,0,0,0,0,0,0,0,0,0,0,0,0,0,0,0,0,0,0,0,0,0,0,0,0,0,0,0,0,0,0,0,0,0,0,0,0,0
NESTRANS,238,National,Local Government,1,0,0,0,0,1,0,0,0,0,0,1,0,0,0,0,0,0,0,0,0,0,0,0,0,0,0,0,0,0,0,0,0,0,0,0,0,0,0,0,0,0,0,0,0,0,0,0,0,0,0,0,0,0,0,0,0,0,0,0,0,0,0,0,0,0,0,0,0,0,0,0,0,0,0,0,0,0,0,0,0,0,0,0,0,0,0,0,0,0,0,0,0,0,0,0,0,0,0,0,0,0,0,0,0,0,0,0
HITRANS,239,Highland and Islands,Local Government,2,0,0,0,0,2,0,0,0,0,0,0,0,0,0,0,0,0,0,0,0,0,0,0,0,0,0,0,0,0,0,0,0,0,0,0,0,0,0,0,0,0,0,0,0,0,0,0,0,0,0,0,0,0,0,0,0,0,0,0,0,0,0,0,0,0,0,0,0,0,0,0,0,0,0,0,0,0,0,0,0,0,0,0,0,0,0,0,0,0,0,0,0,0,0,0,0,0,0,0,0,0,0,0,0,0,0,0
SESTRAN,240,National,Local Government,1,0,0,0,0,1,0,0,0,0,0,1,0,0,0,0,0,0,0,0,0,0,0,0,0,0,0,0,0,0,0,0,0,0,0,0,0,0,0,0,0,0,0,0,0,0,0,0,0,0,0,0,0,0,0,0,0,0,0,0,0,0,0,0,0,0,0,0,0,0,0,0,0,0,0,0,0,0,0,0,0,0,0,0,0,0,0,0,0,0,0,0,0,0,0,0,0,0,0,0,0,0,0,0,0,0,0,0
SWESTRANS,241,Dumfries and Galloway,Local Government,1,0,0,0,0,1,0,0,0,0,0,1,0,0,0,0,0,0,0,0,0,0,0,0,0,0,0,0,0,0,0,0,0,0,0,0,0,0,0,0,0,0,0,0,0,0,0,0,0,0,0,0,0,0,0,0,0,0,0,0,0,0,0,0,0,0,0,0,0,0,0,0,0,0,0,0,0,0,0,0,0,0,0,0,0,0,0,0,0,0,0,0,0,0,0,0,0,0,0,0,0,0,0,0,0,0,0,0
TACTRAN,243,National,Local Government,3,0,0,0,0,3,0,0,0,0,0,3,0,0,0,0,0,0,0,0,0,0,0,0,0,0,0,0,0,0,0,0,0,0,0,0,0,0,0,0,0,0,0,0,0,0,0,0,0,0,0,0,0,0,0,0,0,0,0,0,0,0,0,0,0,0,0,0,0,0,0,0,0,0,0,0,0,0,0,0,0,0,0,0,0,0,0,0,0,0,0,0,0,0,0,0,0,0,0,0,0,0,0,0,0,0,0,0
Quality Meat Scotland,244,National,Others e.g. NDPBs,4,0,0,1,0,4,0,0,0,0,0,3,0,0,0,0,0,0,0,0,0,0,0,0,0,0,0,0,0,0,0,0,0,0,0,0,0,0,0,0,0,0,0,0,0,0,0,0,0,0,0,0,0,0,0,0,0,0,0,0,0,0,0,0,0,0,0,0,0,0,0,0,0,0,0,0,0,0,0,0,0,0,0,0,0,0,0,0,0,0,0,0,0,0,0,0,0,0,0,0,0,0,0,0,0,0,0,0
Risk Management Authority,245,National,Others e.g. NDPBs,15,,,,,16,,,,,,8,1,3,4,,,,,,,,,,,,,,,,,,0,0,0,0,0,0,0,0,0,0,0,0,0,0,1,0,0,0,0,0,0,0,0,0,0,0,0,0,0,1,0,0,0,0,0,0,0,0,0,0,0,0,0,0,0,0,0,0,0,0,0,0,0,0,0,0,0,0,0,0,0,0,0,0,0,0,0,0,0,0,0,0,0,0,0,0
The Commissioner for Children and Young People in Scotland,246,National,Others e.g. NDPBs,7,0,0,0,0,7,0,0,0,0,0,4,2,1,0,1,0,0,0,0,0,0,0,0,0,0,0,0,0,0,0,0,1,0,0,0,0,0,0,0,0,0,0,0,0,0,0,0,0,0,0,0,0,0,0,0,0,0,0,0,0,0,0,0,0,0,0,0,0,0,0,0,0,0,0,0,0,0,0,0,0,0,0,0,0,0,0,1,1,0,0,0,0,0,0,0,0,0,0,0,0,0,0,0,0,0,0,0
National Waiting Times Centre Board,250,National,National Health Service,39,1,0,0,0,23,15,0,0,0,0,32,4,4,1,0,0,0,0,0,0,0,0,0,0,0,0,0,0,0,0,0,424,1,1,0,0,0,0,0,0,0,0,0,0,0,0,0,0,0,0,0,0,0,0,0,0,0,0,0,0,0,0,0,0,0,0,3,0,0,0,0,0,0,0,0,0,0,0,0,0,0,0,0,0,0,0,0,1,0,0,0,0,0,0,0,0,0,0,0,0,0,0,0,0,0,0,0
Judicial Appointments Board for Scotland,252,National,Others e.g. NDPBs,2,0,0,0,0,2,0,0,0,0,0,2,0,0,0,0,0,0,0,0,0,0,0,0,0,0,0,0,0,0,0,0,0,0,0,0,0,0,0,0,0,0,0,0,0,0,0,0,0,0,0,0,0,0,0,0,0,0,0,0,0,0,0,0,0,0,0,0,0,0,0,0,0,0,0,0,0,0,0,0,0,0,0,0,0,0,0,0,0,0,0,0,0,0,0,0,0,0,0,0,0,0,0,0,0,0,0,0
Creative Scotland,254,National,Others e.g. NDPBs,46,2,1,0,0,35,6,1,1,0,0,12,6,22,4,0,0,0,0,0,0,0,0,0,3,0,0,0,0,0,0,0,0,0,0,0,0,0,0,0,0,0,0,0,0,0,3,0,0,0,0,0,0,0,0,0,0,0,0,0,0,0,0,0,0,0,0,7,0,0,0,0,0,0,0,0,0,0,0,0,0,0,0,0,0,0,0,0,14,0,0,0,0,0,0,0,0,0,0,0,0,0,0,0,0,0,0,0
Commissioner for Ethical Standards in Public Life in Scotland,256,National,Others e.g. NDPBs,27,0,0,0,0,27,0,0,0,0,0,10,1,11,5,0,0,0,0,0,0,4,0,0,0,0,0,0,0,0,0,0,0,0,0,0,0,0,0,0,0,0,0,0,0,0,0,0,1,0,0,1,0,0,0,0,0,0,0,0,0,0,0,0,0,0,0,0,0,0,0,0,0,0,0,0,0,0,0,0,0,1,0,0,1,0,0,0,7,0,0,0,0,0,0,0,0,0,0,0,0,0,0,0,0,0,0,0
Healthcare Improvement Scotland,257,Strathclyde,National Health Service,70,6,0,0,0,60,4,0,0,0,0,18,3,22,20,0,1,0,0,0,0,1,0,0,0,0,0,0,0,1,0,0,3,1,1,0,0,1,0,0,0,0,0,0,0,0,0,0,0,0,0,0,0,0,0,0,0,0,0,0,0,0,0,0,0,0,0,3,0,0,0,0,0,0,0,0,0,0,0,0,0,0,0,0,1,0,0,1,9,0,1,0,1,0,0,0,0,0,0,0,0,0,0,0,0,0,0,0
Scottish Housing Regulator,258,National,Others e.g. NDPBs,14,1,1,,,12,2,,,,,7,0,4,2,,2,,,,,2,0,,1,,,0,0,1,0,,2,2,1,0,0,0,0,0,1,1,0,0,1,0,0,0,0,0,0,0,0,0,0,0,0,0,0,2,1,2,0,0,0,0,0,2,0,0,0,0,0,0,0,0,0,1,0,0,0,2,0,1,2,0,0,0,4,0,0,0,0,0,0,0,0,0,0,0,0,0,1,0,0,0,1,0
Children's Hearings Scotland,259,National,Others e.g. NDPBs,28,0,0,0,0,28,0,0,0,0,0,11,0,4,13,0,0,0,0,0,0,0,0,0,0,0,0,0,0,0,0,0,10,0,0,0,0,0,0,0,0,0,0,0,0,0,0,0,0,0,0,0,0,0,0,0,0,0,0,0,0,0,0,0,0,0,0,1,0,0,0,0,0,0,0,0,0,0,0,0,0,0,0,0,0,0,0,0,3,0,0,0,0,0,0,0,0,0,0,0,0,0,0,0,0,0,0,0
West Highland College UHI,261,Highland and Islands,Educational Institutions,22,0,1,0,0,22,0,0,0,0,0,20,0,0,1,0,0,0,0,0,0,0,0,0,0,0,0,0,0,0,0,0,0,0,0,0,0,0,0,0,0,0,0,0,0,0,0,0,0,0,0,0,0,0,0,0,0,0,0,0,0,0,0,0,0,0,0,0,0,0,0,0,0,0,0,0,0,0,0,0,0,0,0,0,0,0,0,0,0,0,0,0,0,0,0,0,0,0,0,0,0,0,0,0,0,0,0,0
Police Service of Scotland,262,National,Police,2902,74,68,0,0,2119,580,61,685,13,6,646,154,754,246,189,4,0,0,0,0,3,1,0,0,0,2,0,0,2,0,0,3931,181,143,32,6,123,27,21,0,0,0,0,0,0,207,2,0,0,0,14,0,8,0,0,0,0,8,5,6,23,64,1,4,1,3,28,0,0,130,7,5,0,0,257,233,2,0,0,0,22,0,3,0,0,0,106,291,4,0,176,3,0,0,0,0,0,0,0,0,0,0,0,0,0,0,0
Scottish Fire and Rescue Service,263,National,Others e.g. NDPBs,1525,3,6,4,0,790,98,0,0,0,0,896,0,6,0,0,6,0,0,0,0,1,1,0,0,0,0,1,0,0,0,0,59,9,4,5,0,7,0,0,0,0,0,0,0,0,2,0,9,0,0,0,0,0,0,0,0,0,0,0,0,0,1,0,0,0,0,1,0,0,4,0,15,0,0,0,62,0,0,0,0,0,0,0,0,0,0,0,4,0,0,0,0,0,1,0,0,0,0,0,0,0,0,0,0,0,0,0
City of Glasgow College,264,Strathclyde,Educational Institutions,84,4,0,0,0,81,3,0,0,0,0,57,0,16,7,0,13,0,0,0,0,10,2,0,0,0,0,3,0,6,1,0,1,10,10,0,0,9,0,1,5,5,0,0,3,0,0,0,0,0,0,0,0,0,0,0,0,0,0,0,0,0,0,0,0,0,0,2,0,0,0,0,0,0,0,0,0,0,0,0,0,0,0,0,0,0,0,4,3,0,0,0,2,0,0,0,0,0,0,0,0,4,0,0,0,0,0,0
Scottish Police Authority,265,National,Police,99,0,1,0,0,65,20,2,2,0,0,34,12,13,32,0,0,0,0,0,0,0,3,0,0,0,0,0,0,0,0,0,4,5,3,0,0,1,2,0,0,0,0,0,0,0,0,0,0,0,0,1,0,0,0,0,0,0,0,5,6,2,1,0,0,0,0,0,0,0,0,0,0,0,0,1,0,0,0,0,0,0,0,3,0,0,0,0,13,0,0,1,0,0,0,0,0,0,0,0,0,0,0,0,0,0,0,0
Edinburgh College,266,Lothian and Borders,Educational Institutions,76,1,1,0,0,72,3,0,0,0,0,45,4,21,4,0,1,0,0,0,0,1,0,0,0,0,0,1,0,0,0,0,5,8,7,1,0,7,1,0,0,0,0,0,0,0,3,0,0,0,0,2,0,0,0,0,0,0,0,0,0,1,0,0,0,0,0,3,0,0,0,0,0,0,0,0,0,0,0,0,0,0,0,0,2,0,0,4,3,0,0,0,0,0,0,0,0,0,0,0,0,0,0,0,0,0,0,0
Argyll College,267,Highland and Islands,Educational Institutions,10,,1,,,7,1,,,,,9,,,,,0,,,,,,1,,,,,,,,,,0,0,0,0,0,0,0,0,0,0,0,0,0,0,0,0,0,0,0,0,0,0,0,0,0,0,0,0,0,0,0,0,0,0,0,0,0,0,0,0,0,0,0,0,0,0,0,0,0,0,0,0,0,0,0,0,0,0,0,0,0,0,0,0,0,0,0,0,0,0,0,0,0,0,0,0
Criminal Courts Rules Council,268,National,Others e.g. NDPBs,0,0,0,0,0,0,0,0,0,0,0,0,0,0,0,0,0,0,0,0,0,0,0,0,0,0,0,0,0,0,0,0,0,0,0,0,0,0,0,0,0,0,0,0,0,0,0,0,0,0,0,0,0,0,0,0,0,0,0,0,0,0,0,0,0,0,0,0,0,0,0,0,0,0,0,0,0,0,0,0,0,0,0,0,0,0,0,0,0,0,0,0,0,0,0,0,0,0,0,0,0,0,0,0,0,0,0,0
Scottish Civil Justice Council,269,National,Others e.g. NDPBs,3,0,0,0,0,3,0,0,0,0,0,1,0,1,1,0,0,0,0,0,0,0,0,0,0,0,0,0,0,0,0,0,0,0,0,0,0,0,0,0,0,0,0,0,0,0,0,0,0,0,0,0,0,0,0,0,0,0,0,1,1,1,0,0,0,0,0,0,0,0,0,0,0,0,0,0,0,0,0,0,0,0,0,1,0,0,0,0,0,0,0,0,0,0,0,0,0,0,0,0,0,0,0,0,0,0,0,0
Glasgow Clyde College,271,Strathclyde,Educational Institutions,72,1,1,0,0,51,18,1,0,0,0,46,0,22,1,1,1,0,0,0,0,1,0,0,0,0,0,1,0,0,0,0,0,3,0,3,0,3,0,0,0,0,0,0,0,0,0,0,0,0,0,2,0,0,0,0,0,0,0,0,0,0,0,0,0,0,0,2,0,0,0,0,0,0,0,0,0,0,0,0,0,0,0,0,0,0,0,1,3,0,0,0,0,0,0,0,0,0,0,0,0,0,0,0,0,0,0,0
Ayrshire College,272,Ayrshire,Educational Institutions,40,0,1,0,0,27,12,0,1,0,0,18,2,15,4,0,2,0,0,0,0,2,0,0,0,0,0,2,0,0,0,0,8,1,1,0,0,1,0,0,0,0,0,0,0,0,0,0,0,0,0,4,0,0,0,0,0,0,0,0,0,0,0,0,0,0,0,2,0,0,0,0,0,0,0,0,0,0,0,0,0,0,0,1,1,0,0,0,2,0,0,0,0,0,0,0,0,0,0,0,0,0,0,0,0,0,0,0
Fife College,273,Fife,Educational Institutions,30,0,1,0,0,29,0,0,0,0,0,22,1,6,0,0,0,0,0,0,0,0,0,0,0,0,0,0,0,0,0,0,8,1,1,0,0,0,1,0,0,0,0,0,0,0,1,0,0,0,0,1,0,0,0,0,0,0,0,0,0,0,0,0,0,0,0,0,0,0,0,0,0,0,0,0,0,0,0,0,0,0,0,0,0,0,0,0,0,0,0,0,0,0,0,0,0,0,0,0,0,0,0,0,0,0,0,0
West College Scotland,274,Strathclyde,Educational Institutions,27,,2,,,17,,,,,,15,2,7,1,,0,,,,,,,,,,,,,,,,32,0,0,0,0,0,0,0,0,0,0,0,0,0,0,0,0,0,0,0,0,0,0,0,0,0,0,0,0,0,0,0,0,0,0,1,0,0,0,0,0,0,0,0,0,0,0,0,0,0,0,0,0,0,0,0,1,0,0,0,0,0,0,0,0,0,0,0,0,0,0,0,0,0,0,0
New College Lanarkshire,275,Strathclyde,Educational Institutions,23,0,1,0,0,21,1,0,0,2,1,18,0,2,0,0,1,0,0,0,0,1,0,0,0,0,0,1,0,0,0,0,2,1,1,0,0,1,0,0,0,0,0,0,0,0,0,0,0,0,0,0,0,0,0,0,0,0,0,0,0,0,0,0,0,0,0,0,0,0,0,0,0,0,0,0,0,0,0,0,0,0,0,0,0,0,0,0,0,0,0,0,0,0,0,0,0,0,0,0,0,0,0,0,0,0,0,0
Dundee and Angus College,276,Tayside,Educational Institutions,25,1,1,0,0,23,0,0,0,0,0,18,2,3,2,0,1,0,0,0,0,1,0,0,0,0,0,1,0,0,0,0,1,0,0,0,0,0,0,0,0,0,0,0,0,0,0,0,0,0,0,1,0,0,0,0,0,0,0,0,0,0,0,0,0,0,0,0,0,0,0,0,0,0,0,0,0,0,0,0,0,0,0,0,0,0,0,1,0,0,0,0,0,0,0,0,0,0,0,0,0,0,0,0,0,0,0,0
North East Scotland College,277,Grampian,Educational Institutions,20,0,1,0,0,19,0,0,0,0,0,17,2,0,0,0,1,0,0,0,0,1,0,0,0,0,0,1,0,0,0,0,1,0,0,0,0,0,0,0,0,0,0,0,0,0,0,0,0,1,0,0,0,0,0,0,0,0,0,0,0,0,0,0,0,0,0,0,0,0,0,0,0,0,0,0,0,0,0,0,0,0,0,0,0,0,0,0,0,0,0,0,0,0,0,1,0,0,0,0,0,0,0,0,0,0,0,0
Glasgow Kelvin College,278,Strathclyde,Educational Institutions,27,0,0,0,0,27,0,0,0,0,0,11,0,5,8,0,2,0,0,0,0,2,0,0,0,0,0,1,0,0,0,0,0,2,2,0,0,0,2,0,0,0,0,0,0,0,0,0,0,0,0,0,0,0,0,0,0,0,0,0,0,0,0,0,0,0,0,2,0,0,0,0,0,0,0,0,0,0,0,0,0,0,0,0,0,0,0,0,2,0,0,0,0,0,0,0,0,0,0,0,0,0,0,0,0,0,0,0
Aberdeen Performing Arts,279,Grampian,s.5 designated body,4,1,0,0,0,3,0,0,0,0,0,0,0,0,0,0,0,0,0,0,0,0,0,0,0,0,0,0,0,0,0,0,0,0,0,0,0,0,0,0,0,0,0,0,0,0,0,0,0,0,0,0,0,0,0,0,0,0,0,0,0,0,0,0,0,0,0,0,0,0,0,0,0,0,0,0,0,0,0,0,0,0,0,0,0,0,0,0,0,0,0,0,0,0,0,0,0,0,0,0,0,0,0,0,0,0,0,0
Active Stirling,280,Central,s.5 designated body,8,0,0,0,0,8,0,0,0,0,0,8,0,0,0,0,0,0,0,0,0,0,0,0,0,0,0,0,0,0,0,0,0,0,0,0,0,0,0,0,0,0,0,0,0,0,0,0,0,0,0,0,0,0,0,0,0,0,0,0,0,0,0,0,0,0,0,0,0,0,0,0,0,0,0,0,0,0,0,0,0,0,0,0,0,0,0,0,0,0,0,0,0,0,0,0,0,0,0,0,0,0,0,0,0,0,0,0
Live Borders Ltd,281,Lothian and Borders,s.5 designated body,6,0,0,0,0,8,0,0,0,0,0,5,0,3,0,0,0,0,0,0,0,0,0,0,0,0,0,0,0,0,0,0,0,0,0,0,0,0,0,0,0,0,0,0,0,0,0,0,0,0,0,0,0,0,0,0,0,0,0,0,0,0,0,0,0,0,0,0,0,0,0,0,0,0,0,0,0,0,0,0,0,0,0,0,0,0,0,0,0,0,0,0,0,0,0,0,0,0,0,0,0,0,0,0,0,0,0,0
Brunton Theatre Trust,282,Lothian and Borders,s.5 designated body,1,0,0,0,0,1,0,0,0,0,0,1,0,0,0,0,0,0,0,0,0,0,0,0,0,0,0,0,0,0,0,0,0,0,0,0,0,0,0,0,0,0,0,0,0,0,0,0,0,0,0,0,0,0,0,0,0,0,0,0,0,0,0,0,0,0,0,0,0,0,0,0,0,0,0,0,0,0,0,0,0,0,0,0,0,0,0,0,0,0,0,0,0,0,0,0,0,0,0,0,0,0,0,0,0,0,0,0
East Ayrshire Leisure Trust,283,Ayrshire,s.5 designated body,41,0,0,2,0,40,1,0,0,0,0,25,2,6,7,0,0,0,0,0,0,0,0,0,0,0,0,0,0,0,0,0,0,0,0,0,0,0,0,0,0,0,0,0,0,0,0,0,0,0,0,0,0,0,0,0,0,0,0,0,1,1,0,0,0,0,0,1,0,0,0,0,0,0,0,0,0,0,0,0,0,0,0,0,0,0,0,1,0,0,0,0,0,0,0,0,0,0,0,0,0,0,0,0,0,0,0,0
East Dunbartonshire Leisure and Culture Trust,284,Strathclyde,s.5 designated body,7,0,0,0,0,7,0,0,0,0,0,7,0,0,0,0,0,0,0,0,0,0,0,0,0,0,0,0,0,0,0,0,1,0,0,0,0,0,0,0,0,0,0,0,0,0,0,0,0,0,0,0,0,0,0,0,0,0,0,0,0,0,0,0,0,0,0,0,0,0,0,0,0,0,0,0,0,0,0,0,0,0,0,0,0,0,0,0,0,0,0,0,0,0,0,0,0,0,0,0,0,0,0,0,0,0,0,0
Eden Court Highlands,285,Highland and Islands,s.5 designated body,1,0,0,0,0,1,0,0,0,0,0,1,0,0,0,0,0,0,0,0,0,0,0,0,0,0,0,0,0,0,0,0,0,0,0,0,0,0,0,0,0,0,0,0,0,0,0,0,0,0,0,0,0,0,0,0,0,0,0,0,0,0,0,0,0,0,0,0,0,0,0,0,0,0,0,0,0,0,0,0,0,0,0,0,0,0,0,0,0,0,0,0,0,0,0,0,0,0,0,0,0,0,0,0,0,0,0,0
Edinburgh Leisure Ltd,286,Lothian and Borders,s.5 designated body,29,1,0,0,0,30,0,0,0,0,0,14,1,11,6,0,6,0,0,0,0,5,0,0,0,0,0,1,1,1,1,0,2,1,1,0,0,1,0,0,0,0,0,0,0,0,0,0,0,0,0,0,0,0,0,0,0,0,0,0,0,0,0,0,0,0,0,3,0,0,0,0,0,0,0,0,0,0,0,0,0,0,0,0,0,0,0,0,3,0,0,0,0,0,0,0,0,0,0,0,0,0,0,0,0,0,0,0
Enjoy East Lothian Ltd,287,Lothian and Borders,s.5 designated body,6,,,,,4,,,,,,1,,3,1,,0,,,,,,,,,,,,,,,,0,0,0,0,0,0,0,0,0,0,0,0,0,0,0,0,0,0,0,0,0,0,0,0,0,0,0,0,0,0,0,0,0,0,0,0,0,0,0,0,0,0,0,0,0,0,0,0,0,0,0,0,0,0,0,0,0,0,0,0,0,0,0,0,0,0,0,0,0,0,0,0,0,0,0,0
Capital Theatres,288,Lothian and Borders,s.5 designated body,1,0,0,0,0,1,0,0,0,0,0,1,0,0,0,0,0,0,0,0,0,0,0,0,0,0,0,0,0,0,0,0,0,,,,,,,,,,,,,,0,0,0,0,0,0,0,0,0,0,0,0,0,0,0,0,0,0,0,0,0,0,0,0,0,0,0,0,0,0,0,0,0,0,0,0,0,0,0,0,0,0,0,0,0,0,0,0,0,0,0,0,0,0,0,0,0,0,0,0,0,0
Inverclyde Leisure Ltd,289,Strathclyde,s.5 designated body,4,,,,,3,,,,,,3,,1,,,0,,,,,,,,,,,,,,,,,0,0,0,0,0,0,0,0,0,0,0,0,0,0,0,0,0,0,0,0,0,0,0,0,0,0,0,0,0,0,0,0,0,0,0,0,0,0,0,0,0,0,0,0,0,0,0,0,0,0,0,0,0,0,0,0,0,0,0,0,0,0,0,0,0,0,0,0,0,0,0,0,0,0,0
Kilmarnock Leisure Centre Trust,292,Ayrshire,s.5 designated body,2,0,0,0,0,2,0,0,0,0,0,2,0,0,0,0,0,0,0,0,0,0,0,0,0,0,0,0,0,0,0,0,0,0,0,0,0,0,0,0,0,0,0,0,0,0,0,0,0,0,0,0,0,0,0,0,0,0,0,0,0,0,0,0,0,0,0,0,0,0,0,0,0,0,0,0,0,0,0,0,0,0,0,0,0,0,0,0,0,0,0,0,0,0,0,0,0,0,0,0,0,0,0,0,0,0,0,0
Leisure and Culture Dundee,293,Tayside,s.5 designated body,29,0,0,0,0,22,0,0,0,0,0,21,0,6,0,0,0,0,0,0,0,0,0,0,0,0,0,0,0,2,0,0,2,0,0,0,0,0,0,0,0,0,0,0,0,0,0,0,0,0,0,0,0,0,0,0,0,0,0,0,0,0,0,0,0,0,0,0,0,0,0,0,0,0,0,0,0,0,0,0,0,0,0,0,0,0,0,0,0,0,0,0,0,0,0,0,0,0,0,0,0,0,0,0,0,0,0,0
Moray Leisure,294,Grampian,s.5 designated body,1,0,0,0,0,1,0,0,0,0,0,1,0,0,0,0,0,0,0,0,0,0,0,0,0,0,0,0,0,0,0,0,0,0,0,0,0,0,0,0,0,0,0,0,0,0,0,0,0,0,0,0,0,0,0,0,0,0,0,0,0,0,0,0,0,0,0,0,0,0,0,0,0,0,0,0,0,0,0,0,0,0,0,0,0,0,0,0,0,0,0,0,0,0,0,0,0,0,0,0,0,0,0,0,0,0,0,0
North Ayrshire Leisure Ltd,295,Ayrshire,s.5 designated body,9,0,0,0,0,9,0,0,0,0,0,8,0,1,0,0,0,0,0,0,0,0,0,0,0,0,0,0,0,0,0,0,0,0,0,0,0,0,0,0,0,0,0,0,0,0,0,0,0,0,0,0,0,0,0,0,0,0,0,0,0,0,0,0,0,0,0,0,0,0,0,0,0,0,0,0,0,0,0,0,0,0,0,0,0,0,0,0,0,0,0,0,0,0,0,0,0,0,0,0,0,0,0,0,0,0,0,0
Perth and Kinross Sports Council,296,Tayside,s.5 designated body,1,0,0,0,0,0,0,0,0,0,0,1,0,0,0,0,0,0,0,0,0,0,0,0,0,0,0,0,0,0,0,0,0,0,0,0,0,0,0,0,0,0,0,0,0,0,0,0,0,0,0,0,0,0,0,0,0,0,0,0,0,0,0,0,0,0,0,0,0,0,0,0,0,0,0,0,0,0,0,0,0,0,0,0,0,0,0,0,0,0,0,0,0,0,0,0,0,0,0,0,0,0,0,0,0,0,0,0
Renfrewshire Leisure Ltd,297,Strathclyde,s.5 designated body,12,0,0,0,0,11,1,0,0,0,0,8,1,0,0,0,0,0,0,0,0,0,0,0,0,0,0,0,0,0,0,0,2,3,2,1,0,1,1,1,0,0,0,0,0,0,0,0,0,0,0,0,0,0,0,0,0,0,0,0,0,0,0,0,0,0,0,0,0,0,0,0,0,0,0,0,0,0,0,0,0,0,0,0,0,0,0,0,0,0,0,0,0,0,0,0,0,0,0,0,0,0,0,0,0,0,0,0
South Lanarkshire Leisure and Culture Ltd,298,Strathclyde,s.5 designated body,13,0,0,0,0,8,0,0,1,0,0,9,0,3,1,0,0,0,0,0,0,1,0,0,0,0,0,0,0,1,0,0,9,1,1,0,0,1,0,0,0,0,0,0,0,0,0,0,0,0,0,0,0,0,0,0,0,0,0,0,0,0,0,0,0,0,0,0,0,0,0,0,0,0,0,0,0,0,0,0,0,0,0,0,0,0,0,0,1,0,0,0,0,0,0,0,0,0,0,0,0,0,0,0,0,0,0,0
West Dunbartonshire Leisure,299,Strathclyde,s.5 designated body,3,0,0,0,0,0,0,0,0,0,0,0,0,0,0,0,0,0,0,0,0,0,0,0,0,0,0,0,0,0,0,0,0,0,0,0,0,0,0,0,0,0,0,0,0,0,0,0,0,0,0,0,0,0,0,0,0,0,0,0,0,0,0,0,0,0,0,0,0,0,0,0,0,0,0,0,0,0,0,0,0,0,0,0,0,0,0,0,0,0,0,0,0,0,0,0,0,0,0,0,0,0,0,0,0,0,0,0
West Lothian Leisure Ltd,300,Lothian and Borders,s.5 designated body,9,,,,,9,,,,,,7,,2,,,0,,,,,,,,,,,,,,,,0,0,0,0,0,0,0,0,0,0,0,0,0,0,0,0,0,0,0,0,0,0,0,0,0,0,0,0,0,0,0,0,0,0,0,0,0,0,0,0,0,0,0,0,0,0,0,0,0,0,0,0,0,0,0,0,0,0,0,0,0,0,0,0,0,0,0,0,0,0,0,0,0,0,0,0
Falkirk Community Trust,301,Central,s.5 designated body,12,,,,,10,1,,,,,6,3,3,2,,0,,,,,,,,,,,,,,,,4,0,0,0,0,0,0,0,0,0,0,0,0,0,1,0,0,0,0,0,0,0,0,0,0,0,0,0,0,0,0,0,0,0,0,0,0,0,0,0,0,0,0,0,0,0,0,0,0,0,0,0,0,0,0,1,0,0,0,0,0,0,0,0,0,0,0,0,0,0,0,0,0,0,0,0
Fife Sports and Leisure Trust,302,Fife,s.5 designated body,8,0,0,0,0,8,0,0,0,0,0,6,0,1,1,0,0,0,0,0,0,0,0,0,0,0,0,0,0,0,0,0,10,0,0,0,0,0,0,0,0,0,0,0,0,0,0,0,0,0,0,0,0,0,0,0,0,0,0,0,0,0,0,0,0,0,0,0,0,0,0,0,0,0,0,0,0,0,0,0,0,0,0,0,0,0,0,0,0,0,0,0,0,0,0,0,0,0,0,0,0,0,0,0,0,0,0,0
Culture and Sport Glasgow,303,Strathclyde,s.5 designated body,60,2,1,,,41,5,,2,,,20,8,22,7,,4,,2,,,1,1,,,,,,,2,,,,3,3,0,0,2,1,0,0,0,0,0,0,0,2,0,0,0,0,0,0,0,0,0,0,0,0,0,0,0,0,0,0,0,0,10,0,0,0,0,0,0,0,1,0,0,0,0,0,0,0,1,0,0,0,0,5,0,0,1,2,0,0,0,1,1,0,0,1,1,0,0,0,0,1,0
High Life Highlands,304,Highland and Islands,s.5 designated body,20,0,0,0,0,20,0,0,0,0,0,20,0,0,0,0,0,0,0,0,0,0,0,0,0,0,0,0,0,0,0,0,0,0,0,0,0,0,0,0,0,0,0,0,0,0,0,0,0,0,0,0,0,0,0,0,0,0,0,0,0,0,0,0,0,0,0,0,0,0,0,0,0,0,0,0,0,0,0,0,0,0,0,0,0,0,0,0,0,0,0,0,0,0,0,0,0,0,0,0,0,0,0,0,0,0,0,0
Live Active Leisure,305,Tayside,s.5 designated body,9,0,2,0,0,7,1,0,1,0,0,3,2,3,0,0,0,0,0,0,0,0,0,0,0,0,0,0,0,0,0,0,0,0,0,0,0,0,0,0,0,0,0,0,0,0,0,0,0,0,0,0,0,0,0,0,0,0,0,0,0,0,0,0,0,0,0,0,0,0,0,0,0,0,0,0,0,0,0,0,0,0,0,1,0,0,0,1,1,0,0,0,0,0,0,0,0,0,0,0,0,0,0,0,0,0,0,0
North Lanarkshire Leisure,306,Strathclyde,s.5 designated body,4,,,,,3,,,,,,3,,,,,0,,,,,,,,,,,,,,,,22,0,0,0,0,0,0,0,0,0,0,0,0,0,0,0,0,0,0,0,0,0,0,0,0,0,0,0,0,0,0,0,0,0,0,0,0,0,0,0,0,0,0,0,0,0,0,0,0,0,0,0,0,0,0,0,0,0,0,0,0,0,0,0,0,0,0,0,0,0,0,0,0,0,0,0
Sport Aberdeen,307,Grampian,s.5 designated body,4,0,0,0,0,4,0,0,0,0,0,4,0,0,0,0,1,0,0,0,1,0,0,0,0,0,0,0,0,0,0,0,0,0,0,0,0,0,0,0,0,0,0,0,0,0,0,0,0,0,0,0,0,0,0,0,0,0,0,0,0,0,0,0,0,0,0,0,0,0,0,0,0,0,0,0,0,0,0,0,0,0,0,0,0,0,0,0,0,0,0,0,0,0,0,0,0,0,0,0,0,0,0,0,0,0,0,0
British Waterways Board,308,National,Others e.g. NDPBs,16,0,0,0,0,16,0,0,0,0,0,16,0,0,0,0,0,0,0,0,0,0,0,0,0,0,0,0,0,0,0,0,0,0,0,0,0,0,0,0,0,0,0,0,0,0,0,0,0,0,0,0,0,0,0,0,0,0,0,0,0,0,0,0,0,0,0,0,0,0,0,0,0,0,0,0,0,0,0,0,0,0,0,0,0,0,0,0,0,0,0,0,0,0,0,0,0,0,0,0,0,0,0,0,0,0,0,0
The James Hutton Institute,309,Tayside,Others e.g. NDPBs,4,0,0,0,0,2,0,0,0,0,0,0,0,3,1,0,0,0,0,0,0,0,0,0,0,0,0,0,0,0,0,0,1,0,0,0,0,0,0,0,0,0,0,0,0,0,0,0,0,0,0,0,0,0,0,0,0,0,0,0,0,0,0,0,0,0,0,2,0,0,0,0,0,0,0,0,0,0,0,0,0,0,0,0,0,0,0,0,1,0,0,0,0,0,0,0,0,0,0,0,0,0,0,0,0,0,0,0
The Moredun Research Institute,310,Lothian and Borders,Others e.g. NDPBs,3,0,0,0,0,3,0,0,0,0,0,3,0,0,0,0,0,0,0,0,0,0,0,0,0,0,0,0,0,0,0,0,0,0,0,0,0,0,0,0,0,0,0,0,0,0,0,0,0,0,0,0,0,0,0,0,0,0,0,0,0,0,0,0,0,0,0,0,0,0,0,0,0,0,0,0,0,0,0,0,0,0,0,0,0,0,0,0,0,0,0,0,0,0,0,0,0,0,0,0,0,0,0,0,0,0,0,0
Scottish Association of Citizens Advice Bureaux,311,National,Others e.g. NDPBs,2,0,0,0,0,2,0,0,0,0,0,1,0,1,0,0,0,0,0,0,0,0,0,0,0,0,0,0,0,0,0,0,0,0,0,0,0,0,0,0,0,0,0,0,0,0,0,0,0,0,0,0,0,0,0,0,0,0,0,0,0,0,0,0,0,0,0,0,0,0,0,0,0,0,0,0,0,0,0,0,0,0,0,0,0,0,0,0,0,0,0,0,0,0,0,0,0,0,0,0,0,0,0,0,0,0,0,0
Revenue Scotland,312,National,Non Ministerial Officeholders,12,0,0,0,0,11,0,1,0,0,0,6,1,2,2,0,0,0,0,0,0,0,0,0,0,0,0,0,0,0,0,0,0,0,0,0,0,0,0,0,0,0,0,0,0,0,1,0,1,0,0,0,0,0,0,0,0,0,0,0,0,0,0,0,0,0,0,0,0,0,0,0,0,0,0,0,0,0,0,0,0,0,0,0,0,0,0,0,0,0,0,0,0,0,0,0,0,0,0,0,0,0,0,0,0,0,0,0
Convener of the School Closure Review Panels,313,National,Others e.g. NDPBs,2,,,,,,,,,,,2,,,,,0,,,,,,,,,,,,,,,,,0,0,0,0,0,0,0,0,0,0,0,0,0,0,0,0,0,0,0,0,0,0,0,0,0,0,0,0,0,0,0,0,0,0,0,0,0,0,0,0,0,0,0,0,0,0,0,0,0,0,0,0,0,0,0,0,0,0,0,0,0,0,0,0,0,0,0,0,0,0,0,0,0,0,0
Historic Environment Scotland,314,National,Others e.g. NDPBs,24,0,0,0,0,22,1,0,0,0,0,18,0,2,3,0,45,0,1,0,0,42,0,0,3,0,0,13,2,22,7,0,1,0,0,0,0,0,0,0,3,3,0,0,3,0,0,0,0,0,0,0,0,0,0,0,0,0,0,0,0,0,1,0,0,0,0,0,0,0,0,0,0,0,0,2,0,0,0,0,0,0,0,0,0,0,0,0,0,0,0,0,0,0,0,0,3,2,0,0,0,3,2,0,0,0,19,0
East Ayrshire Integration Joint Board,315,Ayrshire,Others e.g. NDPBs,0,0,0,0,0,0,0,0,0,0,0,0,0,0,0,0,0,0,0,0,0,0,0,0,0,0,0,0,0,0,0,0,0,0,0,0,0,0,0,0,0,0,0,0,0,0,0,0,0,0,0,0,0,0,0,0,0,0,0,0,0,0,0,0,0,0,0,0,0,0,0,0,0,0,0,0,0,0,0,0,0,0,0,0,0,0,0,0,0,0,0,0,0,0,0,0,0,0,0,0,0,0,0,0,0,0,0,0
North Ayrshire Integration Joint Board,316,Ayrshire,Others e.g. NDPBs,0,,,,,,,,,,,,,,,,0,,,,,,,,,,,,,,,,0,0,0,0,0,0,0,0,0,0,0,0,0,0,0,0,0,0,0,0,0,0,0,0,0,0,0,0,0,0,0,0,0,0,0,0,0,0,0,0,0,0,0,0,0,0,0,0,0,0,0,0,0,0,0,0,0,0,0,0,0,0,0,0,0,0,0,0,0,0,0,0,0,0,0,0
South Ayrshire Integration Joint Board,317,Ayrshire,Others e.g. NDPBs,2,1,0,0,0,0,0,0,0,0,0,0,0,0,0,0,0,0,0,0,0,0,0,0,0,0,0,0,0,0,0,0,0,0,0,0,0,0,0,0,0,0,0,0,0,0,0,0,0,0,0,0,0,0,0,0,0,0,0,0,0,0,0,0,0,0,0,0,0,0,0,0,0,0,0,0,0,0,0,0,0,0,0,0,0,0,0,0,0,0,0,0,0,0,0,0,0,0,0,0,0,0,0,0,0,0,0,0
Food Standards Scotland,318,National,Non Ministerial Officeholders,39,,,,,23,1,,1,,,14,,11,13,,,,,,,,,,,,,,,,,,,0,0,0,0,0,0,0,0,0,0,0,0,0,122,0,0,0,0,0,0,0,0,0,0,0,0,0,0,0,0,0,0,0,0,1,0,0,4,0,0,0,0,0,0,0,0,0,0,0,0,0,0,0,0,0,5,0,0,2,0,0,0,0,0,0,0,0,0,0,0,0,0,0,0,0
Scottish Sentencing Council,319,National,Non Ministerial Officeholders,6,0,0,0,0,6,0,0,0,0,0,0,1,2,3,0,0,0,0,0,0,0,0,0,0,0,0,0,0,0,0,0,0,0,0,0,0,0,0,0,0,0,0,0,0,0,0,0,0,0,0,0,1,0,0,0,0,0,0,0,1,1,0,0,0,0,0,0,0,0,0,0,0,0,0,0,0,0,0,0,0,0,0,0,0,0,0,0,0,0,0,0,0,0,0,0,0,0,0,0,0,0,0,0,0,0,0,0
Angus Alive,320,Tayside,s.5 designated body,16,0,0,0,0,13,0,0,0,0,0,12,0,0,1,0,0,0,0,0,0,0,0,0,0,0,0,0,0,0,0,0,0,0,0,0,0,0,0,0,0,0,0,0,0,0,0,0,0,0,0,0,0,0,0,0,0,0,0,0,0,0,0,0,0,0,0,0,0,0,0,0,0,0,0,0,0,0,0,0,0,0,0,0,0,0,0,0,0,0,0,0,0,0,0,0,0,0,0,0,0,0,0,0,0,0,0,0
Regional Board for Glasgow Colleges,321,Strathclyde,Educational Institutions,19,0,0,1,0,18,1,0,0,0,0,8,1,8,2,0,0,0,0,0,0,0,0,0,0,0,0,0,0,0,0,0,0,7,6,0,0,6,0,0,0,0,0,0,0,0,0,0,0,0,0,0,0,0,0,0,0,0,0,0,0,9,0,0,0,0,0,0,0,0,0,0,0,0,0,0,0,0,0,0,0,0,0,0,0,0,0,0,0,0,0,0,0,0,0,0,0,0,0,0,0,0,0,0,0,0,0,0
Aberdeen City Integration Joint Board,322,Grampian,Others e.g. NDPBs,0,0,0,0,0,0,0,0,0,0,0,0,0,0,0,0,0,0,0,0,0,0,0,0,0,0,0,0,0,0,0,0,0,,,,,,,,,,,,,,0,0,0,0,0,0,0,0,0,0,0,0,0,0,0,0,0,0,0,0,0,0,0,0,0,0,0,0,0,0,0,0,0,0,0,0,0,0,0,0,0,0,0,0,0,0,0,0,0,0,0,0,0,0,0,0,0,0,0,0,0,0
Aberdeenshire Integration Joint Board,323,Grampian,Others e.g. NDPBs,2,0,0,0,0,2,0,0,0,0,0,2,0,0,0,0,0,0,0,0,0,0,0,0,0,0,0,0,0,0,0,0,0,0,0,0,0,0,0,0,0,0,0,0,0,0,0,0,0,0,0,0,0,0,0,0,0,0,0,0,0,0,0,0,0,0,0,0,0,0,0,0,0,0,0,0,0,0,0,0,0,0,0,0,0,0,0,0,0,0,0,0,0,0,0,0,0,0,0,0,0,0,0,0,0,0,0,0
Angus Integration Joint Board,324,Tayside,Others e.g. NDPBs,0,0,0,0,0,0,0,0,0,0,0,0,0,0,0,0,0,0,0,0,0,0,0,0,0,0,0,0,0,0,0,0,0,0,0,0,0,0,0,0,0,0,0,0,0,0,0,0,0,0,0,0,0,0,0,0,0,0,0,0,0,0,0,0,0,0,0,0,0,0,0,0,0,0,0,0,0,0,0,0,0,0,0,0,0,0,0,0,0,0,0,0,0,0,0,0,0,0,0,0,0,0,0,0,0,0,0,0
Argyll and Bute Integration Joint Board,325,Highland and Islands,Others e.g. NDPBs,0,0,0,0,0,0,0,0,0,0,0,0,0,0,0,0,0,0,0,0,0,0,0,0,0,0,0,0,0,0,0,0,0,0,0,0,0,0,0,0,0,0,0,0,0,0,0,0,0,0,0,0,0,0,0,0,0,0,0,0,0,0,0,0,0,0,0,0,0,0,0,0,0,0,0,0,0,0,0,0,0,0,0,0,0,0,0,0,0,0,0,0,0,0,0,0,0,0,0,0,0,0,0,0,0,0,0,0
Edinburgh Integration Joint Board,326,Lothian and Borders,Others e.g. NDPBs,10,0,0,0,0,8,2,0,0,0,0,10,0,0,0,0,0,0,0,0,0,0,0,0,0,0,0,0,0,0,0,0,0,0,0,0,0,0,0,0,0,0,0,0,0,0,0,0,0,0,0,0,0,0,0,0,0,0,0,0,0,0,0,0,0,0,0,0,0,0,0,0,0,0,0,0,0,0,0,0,0,0,0,0,0,0,0,0,0,0,0,0,0,0,0,0,0,0,0,0,0,0,0,0,0,0,0,0
Clackmannanshire and Stirling Integration Joint Board,327,Central,Others e.g. NDPBs,3,0,0,0,0,2,0,0,0,0,0,2,0,0,1,0,0,0,0,0,0,0,0,0,0,0,0,0,0,0,0,0,0,0,0,0,0,0,0,0,0,0,0,0,0,0,0,0,0,0,0,0,0,0,0,0,0,0,0,0,0,0,0,0,0,0,0,0,0,0,0,0,0,0,0,0,0,0,0,0,0,0,0,0,0,0,0,0,0,0,0,0,0,0,0,0,0,0,0,0,0,0,0,0,0,0,0,0
Dumfries and Galloway Integration Joint Board,328,Dumfries and Galloway,Others e.g. NDPBs,1,,,,,,1,,,,,,,1,,,0,,,,,,,,,,,,,,,,0,0,0,0,0,0,0,0,0,0,0,0,0,0,0,0,0,0,0,0,0,0,0,0,0,0,0,0,0,0,0,0,0,0,0,0,0,0,0,0,0,0,0,0,0,0,0,0,0,0,0,0,0,0,0,0,0,0,0,0,0,0,0,0,0,0,0,0,0,0,0,0,0,0,0,0
Dundee City Integration Joint Board,329,Tayside,Others e.g. NDPBs,0,0,0,0,0,0,0,0,0,0,0,0,0,0,0,0,0,0,0,0,0,0,0,0,0,0,0,0,0,0,0,0,0,0,0,0,0,0,0,0,0,0,0,0,0,0,0,0,0,0,0,0,0,0,0,0,0,0,0,0,0,0,0,0,0,0,0,0,0,0,0,0,0,0,0,0,0,0,0,0,0,0,0,0,0,0,0,0,0,0,0,0,0,0,0,0,0,0,0,0,0,0,0,0,0,0,0,0
East Dunbartonshire Integration Joint Board,330,Strathclyde,Others e.g. NDPBs,0,0,0,0,0,0,0,0,0,0,0,0,0,0,0,0,0,0,0,0,0,0,0,0,0,0,0,0,0,0,0,0,0,0,0,0,0,0,0,0,0,0,0,0,0,0,0,0,0,0,0,0,0,0,0,0,0,0,0,0,0,0,0,0,0,0,0,0,0,0,0,0,0,0,0,0,0,0,0,0,0,0,0,0,0,0,0,0,0,0,0,0,0,0,0,0,0,0,0,0,0,0,0,0,0,0,0,0
East Lothian Integration Joint Board,331,Lothian and Borders,Others e.g. NDPBs,0,0,0,0,0,0,0,0,0,0,0,0,0,0,0,0,0,0,0,0,0,0,0,0,0,0,0,0,0,0,0,0,0,,,,,,,,,,,,,,,,,,,,,,,,,,,,,,,,,,,,,,,,,,,,,,,,,,,,,,,,,,,,,,,,,,,,,,,,,,,
East Renfrewshire Integration Joint Board,332,Strathclyde,Others e.g. NDPBs,1,0,0,0,0,1,0,0,0,0,0,1,0,0,0,0,0,0,0,0,0,0,0,0,0,0,0,0,0,0,0,0,0,0,0,0,0,0,0,0,0,0,0,0,0,0,0,0,0,0,0,0,0,0,0,0,0,0,0,0,0,0,0,0,0,0,0,0,0,0,0,0,0,0,0,0,0,0,0,0,0,0,0,0,0,0,0,0,0,0,0,0,0,0,0,0,0,0,0,0,0,0,0,0,0,0,0,0
Falkirk Integration Joint Board,333,Lothian and Borders,Others e.g. NDPBs,5,0,0,0,0,4,0,0,0,0,0,0,0,0,5,0,0,0,0,0,0,0,0,0,0,0,0,0,0,0,0,0,0,0,0,0,0,0,0,0,0,0,0,0,0,0,0,0,0,0,0,0,0,0,0,0,0,0,0,0,0,0,0,0,0,0,0,0,0,0,0,0,0,0,0,0,0,0,0,0,0,0,0,0,0,0,0,0,0,0,0,0,0,0,0,0,0,0,0,0,0,0,0,0,0,0,0,0
Fife Integration Joint Board,334,Fife,Others e.g. NDPBs,0,,,,,,,,,,,,,,,,0,,,,,,,,,,,,,,,,0,0,,,,,,,0,,,,,,,,,,,,,,,,,,,,,,,,,,,,,,,,,,,,,,,,,,,,,,,,,,,,,,,,,,,,,,,,,,,
Glasgow City Integration Joint Board,335,Strathclyde,Others e.g. NDPBs,3,0,0,0,0,1,2,0,0,0,0,0,0,0,3,0,0,0,0,0,0,0,0,0,0,0,0,0,0,0,0,0,0,0,0,0,0,0,0,0,0,0,0,0,0,0,0,0,0,0,0,0,0,0,0,0,0,0,0,0,0,0,0,0,0,0,0,0,0,0,0,0,0,0,0,0,0,0,0,0,0,0,0,0,0,0,0,0,0,0,0,0,0,0,0,0,0,0,0,0,0,0,0,0,0,0,0,0
Inverclyde Integration Joint Board,337,Strathclyde,Others e.g. NDPBs,0,,,,,,,,,,,,,,,,0,,,,,,,,,,,,,,,,0,0,0,0,0,0,0,0,0,0,0,0,0,0,0,0,0,0,0,0,0,0,0,0,0,0,0,0,0,0,0,0,0,0,0,0,0,0,0,0,0,0,0,0,0,0,0,0,0,0,0,0,0,0,0,0,0,0,0,0,0,0,0,0,0,0,0,0,0,0,0,0,0,0,0,0
Midlothian Integration Joint Board,338,Lothian and Borders,Others e.g. NDPBs,0,,,,,,,,,,,,,,,,0,,,,,,,,,,,,,,,,,0,0,0,0,0,0,0,0,0,0,0,0,0,0,0,0,0,0,0,0,0,0,0,0,0,0,0,0,0,0,0,0,0,0,0,0,0,0,0,0,0,0,0,0,0,0,0,0,0,0,0,0,0,0,0,0,0,0,0,0,0,0,0,0,0,0,0,0,0,0,0,0,0,0,0
Moray Integration Joint Board,339,Grampian,Others e.g. NDPBs,10,1,0,0,0,9,0,0,0,0,0,4,0,2,3,0,0,0,0,0,0,0,0,0,0,0,0,0,0,0,0,0,0,0,0,0,0,0,0,0,0,0,0,0,0,0,0,0,0,0,0,0,0,0,0,0,0,0,0,0,0,0,0,0,0,0,0,0,0,0,0,0,0,0,0,0,0,0,0,0,0,0,0,0,0,0,0,0,1,0,0,0,0,0,0,0,0,0,0,0,0,0,0,0,0,0,0,0
Western Isles Integration Joint Board,340,Highland and Islands,Others e.g. NDPBs,0,0,0,0,0,0,0,0,0,0,0,0,0,0,0,0,0,0,0,0,0,0,0,0,0,0,0,0,0,0,0,0,0,0,0,0,0,0,0,0,0,0,0,0,0,0,0,0,0,0,0,0,0,0,0,0,0,0,0,0,0,0,0,0,0,0,0,0,0,0,0,0,0,0,0,0,0,0,0,0,0,0,0,0,0,0,0,0,0,0,0,0,0,0,0,0,0,0,0,0,0,0,0,0,0,0,0,0
North Lanarkshire Integration Joint Board,341,Strathclyde,Others e.g. NDPBs,0,0,0,0,0,0,0,0,0,0,0,0,0,0,0,0,0,0,0,0,0,0,0,0,,0,0,0,0,0,0,0,0,0,0,0,0,0,0,0,0,0,0,0,0,0,0,0,0,0,0,0,0,0,0,0,0,0,0,0,0,0,0,0,0,0,0,0,0,0,0,0,0,0,0,0,0,0,0,0,0,0,0,0,0,0,0,0,0,0,0,0,0,0,0,0,0,0,0,0,0,0,0,0,0,0,0,0
Orkney Islands Integration Joint Board,342,Highland and Islands,Others e.g. NDPBs,0,0,0,0,0,0,0,0,0,0,0,0,0,0,0,0,0,0,0,0,0,0,0,0,0,0,0,0,0,0,0,0,0,0,0,0,0,0,0,0,0,0,0,0,0,0,0,0,0,0,0,0,0,0,0,0,0,0,0,0,0,0,0,0,0,0,0,0,0,0,0,0,0,0,0,0,0,0,0,0,0,0,0,0,0,0,0,0,0,0,0,0,0,0,0,0,0,0,0,0,0,0,0,0,0,0,0,0
Perth and Kinross Integration Joint Board,343,Tayside,Others e.g. NDPBs,0,0,0,0,0,0,0,0,0,0,0,0,0,0,0,0,0,0,0,0,0,0,0,0,0,0,0,0,0,0,0,0,0,0,0,0,0,0,0,0,0,0,0,0,0,0,0,0,0,0,0,0,0,0,0,0,0,0,0,0,0,0,0,0,0,0,0,0,0,0,0,0,0,0,0,0,0,0,0,0,0,0,0,0,0,0,0,0,0,0,0,0,0,0,0,0,0,0,0,0,0,0,0,0,0,0,0,0
Renfrewshire Integration Joint Board,344,Strathclyde,Others e.g. NDPBs,0,,,,,,,,,,,,,,,,0,,,,,,,,,,,,,,,,0,0,0,0,0,0,0,0,0,0,0,0,0,0,0,0,0,0,0,0,0,0,0,0,0,0,0,0,0,0,0,0,0,0,0,0,0,0,0,0,0,0,0,0,0,0,0,0,0,0,0,0,0,0,0,0,0,0,0,0,0,0,0,0,0,0,0,0,0,0,0,0,0,0,0,0
Scottish Borders Health & Social Care Integration Joint Board,345,Lothian and Borders,Others e.g. NDPBs,1,0,0,0,0,0,0,0,0,0,0,0,0,0,1,0,0,0,0,0,0,0,0,0,0,0,0,0,0,0,0,0,0,0,0,0,0,0,0,0,0,0,0,0,0,0,0,0,0,0,0,0,0,0,0,0,0,0,0,0,0,0,0,0,0,0,0,0,0,0,0,0,0,0,0,0,0,0,0,0,0,0,0,0,0,0,0,0,0,0,0,0,0,0,0,0,0,0,0,0,0,0,0,0,0,0,0,0
Shetland Islands Integration Joint Board,346,Highland and Islands,Others e.g. NDPBs,0,0,0,0,0,0,0,0,0,0,0,0,0,0,0,0,0,0,0,0,0,0,0,0,0,0,0,0,0,0,0,0,0,0,0,0,0,0,0,0,0,0,0,0,0,0,0,0,0,0,0,0,0,0,0,0,0,0,0,0,0,0,0,0,0,0,0,0,0,0,0,0,0,0,0,0,0,0,0,0,0,0,0,0,0,0,0,0,0,0,0,0,0,0,0,0,0,0,0,0,0,0,0,0,0,0,0,0
South Lanarkshire Integration Joint Board,347,Strathclyde,Others e.g. NDPBs,0,0,0,0,0,0,0,0,0,0,0,0,0,0,0,0,0,0,0,0,0,0,0,0,0,0,0,0,0,0,0,0,0,0,0,0,0,0,0,0,0,0,0,0,0,0,0,0,0,0,0,0,0,0,0,0,0,0,0,0,0,0,0,0,0,0,0,0,0,0,0,0,0,0,0,0,0,0,0,0,0,0,0,0,0,0,0,0,0,0,0,0,0,0,0,0,0,0,0,0,0,0,0,0,0,0,0,0
West Dunbartonshire Integration Joint Board,348,Strathclyde,Others e.g. NDPBs,1,0,0,0,0,1,0,0,0,0,0,1,0,0,0,0,0,0,0,0,0,0,0,0,0,0,0,0,0,0,0,0,0,0,0,0,0,0,0,0,0,0,0,0,0,0,0,0,0,0,0,0,0,0,0,0,0,0,0,0,0,0,0,0,0,0,0,0,0,0,0,0,0,0,0,0,0,0,0,0,0,0,0,0,0,0,0,0,0,0,0,0,0,0,0,0,0,0,0,0,0,0,0,0,0,0,0,0
West Lothian Integration Joint Board,349,Lothian and Borders,Others e.g. NDPBs,0,0,0,0,0,0,0,0,0,0,0,0,0,0,0,0,0,0,0,0,0,0,0,0,0,0,0,0,0,0,0,0,0,0,0,0,0,0,0,0,0,0,0,0,0,0,0,0,0,0,0,0,0,0,0,0,0,0,0,0,0,0,0,0,0,0,0,0,0,0,0,0,0,0,0,0,0,0,0,0,0,0,0,0,0,0,0,0,0,0,0,0,0,0,0,0,0,0,0,0,0,0,0,0,0,0,0,0
Daldorch House School,350,-,s.5 designated body,0,0,0,0,0,0,0,0,0,0,0,0,0,0,0,0,0,0,0,0,0,0,0,0,0,0,0,0,0,0,0,0,0,0,0,0,0,0,0,0,0,0,0,0,0,0,0,0,0,0,0,0,0,0,0,0,0,0,0,0,0,0,0,0,0,0,0,0,0,0,0,0,0,0,0,0,0,0,0,0,0,0,0,0,0,0,0,0,0,0,0,0,0,0,0,0,0,0,0,0,0,0,0,0,0,0,0,0
Eden Park Academy,351,Ayrshire,s.5 designated body,0,0,0,0,0,0,0,0,0,0,0,0,0,0,0,0,0,0,0,0,0,0,0,0,0,0,0,0,0,0,0,0,0,0,0,0,0,0,0,0,0,0,0,0,0,0,0,0,0,0,0,0,0,0,0,0,0,0,0,0,0,0,0,0,0,0,0,0,0,0,0,0,0,0,0,0,0,0,0,0,0,0,0,0,0,0,0,0,0,0,0,0,0,0,0,0,0,0,0,0,0,0,0,0,0,0,0,0
Ardfern School,353,Strathclyde,s.5 designated body,0,0,0,0,0,0,0,0,0,0,0,0,0,0,0,0,0,0,0,0,0,0,0,0,0,0,0,0,0,0,0,0,0,0,0,0,0,0,0,0,0,0,0,0,0,0,0,0,0,0,0,0,0,0,0,0,0,0,0,0,0,0,0,0,0,0,0,0,0,0,0,0,0,0,0,0,0,0,0,0,0,0,0,0,0,0,0,0,0,0,0,0,0,0,0,0,0,0,0,0,0,0,0,0,0,0,0,0
Hillside School,354,Fife,s.5 designated body,0,,,,,,,,,,,,,,,,0,,,,,,,,,,,,,,,,0,0,0,0,0,0,0,0,0,0,0,0,0,0,0,0,0,0,0,0,0,0,0,0,0,0,0,0,0,0,0,0,0,0,0,0,0,0,0,0,0,0,0,0,0,0,0,0,0,0,0,0,0,0,0,0,0,0,0,0,0,0,0,0,0,0,0,0,0,0,0,0,0,0,0,0
Balnacraig School,355,Tayside,s.5 designated body,0,0,0,0,0,0,0,0,0,0,0,0,0,0,0,0,0,0,0,0,0,0,0,0,0,0,0,0,0,0,0,0,0,0,0,0,0,0,0,0,0,0,0,0,0,0,0,0,0,0,0,0,0,0,0,0,0,0,0,0,0,0,0,0,0,0,0,0,0,0,0,0,0,0,0,0,0,0,0,0,0,0,0,0,0,0,0,0,0,0,0,0,0,0,0,0,0,0,0,0,0,0,0,0,0,0,0,0
St Francis Day Unit,356,Strathclyde,s.5 designated body,0,0,0,0,0,0,0,0,0,0,0,0,0,0,0,0,0,0,0,0,0,0,0,0,0,0,0,0,0,0,0,0,0,0,0,0,0,0,0,0,0,0,0,0,0,0,0,0,0,0,0,0,0,0,0,0,0,0,0,0,0,0,0,0,0,0,0,0,0,0,0,0,0,0,0,0,0,0,0,0,0,0,0,0,0,0,0,0,0,0,0,0,0,0,0,0,0,0,0,0,0,0,0,0,0,0,0,0
St Philips School,357,Strathclyde,s.5 designated body,1,0,0,0,0,0,0,0,0,0,0,0,0,0,0,0,0,0,0,0,0,0,0,0,0,0,0,0,0,0,0,0,1,0,0,0,0,0,0,0,0,0,0,0,0,0,0,0,0,0,0,0,0,0,0,0,0,0,0,0,0,0,0,0,0,0,0,0,0,0,0,0,0,0,0,0,0,0,0,0,0,0,0,0,0,0,0,0,0,0,0,0,0,0,0,0,0,0,0,0,0,0,0,0,0,0,0,0
St Marys Kenmure,358,National,s.5 designated body,1,1,0,0,0,0,0,0,0,0,0,0,0,0,0,0,0,0,0,0,0,0,0,0,0,0,0,0,0,0,0,0,0,0,0,0,0,0,0,0,0,0,0,0,0,0,0,0,0,0,0,0,0,0,0,0,0,0,0,0,0,0,0,0,0,0,0,0,0,0,0,0,0,0,0,0,0,0,0,0,0,0,0,0,0,0,0,0,0,0,0,0,0,0,0,0,0,0,0,0,0,0,0,0,0,0,0,0
Common Thread Ltd,360,Dumfries and Galloway,s.5 designated body,0,0,0,0,0,0,0,0,0,0,0,0,0,0,0,0,0,0,0,0,0,0,0,0,0,0,0,0,0,0,0,0,0,0,0,0,0,0,0,0,0,0,0,0,0,0,0,0,0,0,0,0,0,0,0,0,0,0,0,0,0,0,0,0,0,0,0,0,0,0,0,0,0,0,0,0,0,0,0,0,0,0,0,0,0,0,0,0,0,0,0,0,0,0,0,0,0,0,0,0,0,0,0,0,0,0,0,0
Priory Troup House Ltd,361,Grampian,s.5 designated body,0,0,0,0,0,0,0,0,0,0,0,0,0,0,0,0,0,0,0,0,0,0,0,0,0,0,0,0,0,0,0,0,0,0,0,0,0,0,0,0,0,0,0,0,0,0,0,0,0,0,0,0,0,0,0,0,0,0,0,0,0,0,0,0,0,0,0,0,0,0,0,0,0,0,0,0,0,0,0,0,0,0,0,0,0,0,0,0,0,0,0,0,0,0,0,0,0,0,0,0,0,0,0,0,0,0,0,0
Bachlaw Learning Centre,362,Grampian,s.5 designated body,0,0,0,0,0,0,0,0,0,0,0,0,0,0,0,0,0,0,0,0,0,0,0,0,0,0,0,0,0,0,0,0,0,0,0,0,0,0,0,0,0,0,0,0,0,0,0,0,0,0,0,0,0,0,0,0,0,0,0,0,0,0,0,0,0,0,0,0,0,0,0,0,0,0,0,0,0,0,0,0,0,0,0,0,0,0,0,0,0,0,0,0,0,0,0,0,0,0,0,0,0,0,0,0,0,0,0,0
Rossie Young Peoples Trust,363,Tayside,s.5 designated body,2,0,0,1,1,1,1,0,0,0,0,2,0,0,0,0,0,0,0,0,0,0,0,0,0,0,0,0,0,0,0,0,1,0,0,0,0,0,0,0,0,0,0,0,0,0,0,0,0,0,0,0,0,0,0,0,0,0,0,0,0,0,0,0,0,0,0,0,0,0,0,0,0,0,0,0,0,0,0,0,0,0,0,0,0,0,0,0,0,0,0,0,0,0,0,0,0,0,0,0,0,0,0,0,0,0,0,0
Addiewell Prison Limited,364,Lothian and Borders,s.5 designated body,1,0,0,0,0,1,0,0,0,0,0,1,0,0,0,0,0,0,0,0,0,0,0,0,0,0,0,0,0,0,0,0,0,0,0,0,0,0,0,0,0,0,0,0,0,0,0,0,0,0,0,0,0,0,0,0,0,0,0,0,0,0,0,0,0,0,0,0,0,0,0,0,0,0,0,0,0,0,0,0,0,0,0,0,0,0,0,0,0,0,0,0,0,0,0,0,0,0,0,0,0,0,0,0,0,0,0,0
Northview House School,365,Strathclyde,s.5 designated body,0,0,0,0,0,0,0,0,0,0,0,0,0,0,0,0,0,0,0,0,0,0,0,0,0,0,0,0,0,0,0,0,0,0,0,0,0,0,0,0,0,0,0,0,0,0,0,0,0,0,0,0,0,0,0,0,0,0,0,0,0,0,0,0,0,0,0,0,0,0,0,0,0,0,0,0,0,0,0,0,0,0,0,0,0,0,0,0,0,0,0,0,0,0,0,0,0,0,0,0,0,0,0,0,0,0,0,0
Seamab House School,366,Fife,s.5 designated body,0,0,0,0,0,0,0,0,0,0,0,0,0,0,0,0,0,0,0,0,0,0,0,0,0,0,0,0,0,0,0,0,0,0,0,0,0,0,0,0,0,0,0,0,0,0,0,0,0,0,0,0,0,0,0,0,0,0,0,0,0,0,0,0,0,0,0,0,0,0,0,0,0,0,0,0,0,0,0,0,0,0,0,0,0,0,0,0,0,0,0,0,0,0,0,0,0,0,0,0,0,0,0,0,0,0,0,0
VSA,367,Grampian,s.5 designated body,1,0,0,0,0,1,0,0,0,0,0,0,0,1,0,0,0,0,0,0,0,0,0,0,0,0,0,0,0,0,0,0,0,0,0,0,0,0,0,0,0,0,0,0,0,0,0,0,0,0,0,0,0,0,0,0,0,0,0,0,0,0,0,0,0,0,0,0,0,0,0,0,0,0,0,0,0,0,0,0,0,0,0,0,0,0,0,0,1,0,0,0,0,0,0,0,0,0,0,0,0,0,0,0,0,0,0,0
The Royal Blind School,368,Lothian and Borders,s.5 designated body,1,0,0,0,0,1,0,0,0,0,0,1,0,0,0,0,0,0,0,0,0,0,0,0,0,0,0,0,0,0,0,0,1,0,0,0,0,0,0,0,0,0,0,0,0,0,0,0,0,0,0,0,0,0,0,0,0,0,0,0,0,0,0,0,0,0,0,0,0,0,0,0,0,0,0,0,0,0,0,0,0,0,0,0,0,0,0,0,0,0,0,0,0,0,0,0,0,0,0,0,0,0,0,0,0,0,0,0
Starley Hall School,370,Fife,s.5 designated body,0,0,0,0,0,0,0,0,0,0,0,0,0,0,0,0,0,0,0,0,0,0,0,0,0,0,0,0,0,0,0,0,0,0,0,0,0,0,0,0,0,0,0,0,0,0,0,0,0,0,0,0,0,0,0,0,0,0,0,0,0,0,0,0,0,0,0,0,0,0,0,0,0,0,0,0,0,0,0,0,0,0,0,0,0,0,0,0,0,0,0,0,0,0,0,0,0,0,0,0,0,0,0,0,0,0,0,0
Scottish Centre for Children with Motor Impairments,371,Strathclyde,s.5 designated body,0,0,0,0,0,0,0,0,0,0,0,0,0,0,0,0,0,0,0,0,0,0,0,0,0,0,0,0,0,0,0,0,2,0,0,0,0,0,0,0,0,0,0,0,0,0,0,0,0,0,0,0,0,0,0,0,0,0,0,0,0,0,0,0,0,0,0,0,0,0,0,0,0,0,0,0,0,0,0,0,0,0,0,0,0,0,0,0,0,0,0,0,0,0,0,0,0,0,0,0,0,0,0,0,0,0,0,0
Scottish Health Innovations Ltd,372,Strathclyde,s.5 designated body,2,0,0,0,0,2,0,0,0,0,0,1,0,0,0,0,0,0,0,0,0,0,0,0,0,0,0,0,0,0,0,0,0,1,1,0,0,0,0,0,0,0,0,0,0,0,0,0,0,0,0,0,0,0,0,0,0,0,0,0,0,0,0,0,0,0,0,0,0,0,0,0,0,0,0,0,0,0,0,0,0,0,0,0,0,0,0,0,0,0,0,0,0,0,0,0,0,0,0,0,0,0,0,0,0,0,0,0
Ochil Tower School,374,Tayside,s.5 designated body,1,0,0,0,0,1,0,0,0,0,0,1,0,0,0,0,0,0,0,0,0,0,0,0,0,0,0,0,0,0,0,0,0,0,0,0,0,0,0,0,0,0,0,0,0,0,0,0,0,0,0,0,0,0,0,0,0,0,0,0,0,0,0,0,0,0,0,0,0,0,0,0,0,0,0,0,0,0,0,0,0,0,0,0,0,0,0,0,0,0,0,0,0,0,0,0,0,0,0,0,0,0,0,0,0,0,0,0
New Struan School,375,Central,s.5 designated body,0,0,0,0,0,0,0,0,0,0,0,0,0,0,0,0,0,0,0,0,0,0,0,0,0,0,0,0,0,0,0,0,4,0,0,0,0,0,0,0,0,0,0,0,0,0,0,0,0,0,0,0,0,0,0,0,0,0,0,0,0,0,0,0,0,0,0,0,0,0,0,0,0,0,0,0,0,0,0,0,0,0,0,0,0,0,0,0,0,0,0,0,0,0,0,0,0,0,0,0,0,0,0,0,0,0,0,0
Moore House School,376,Lothian and Borders,s.5 designated body,0,0,0,0,0,0,0,0,0,0,0,0,0,0,0,0,0,0,0,0,0,0,0,0,0,0,0,0,0,0,0,0,1,0,0,0,0,0,0,0,0,0,0,0,0,0,0,0,0,0,0,0,0,0,0,0,0,0,0,0,0,0,0,0,0,0,0,0,0,0,0,0,0,0,0,0,0,0,0,0,0,0,0,0,0,0,0,0,0,0,0,0,0,0,0,0,0,0,0,0,0,0,0,0,0,0,0,0
Mirren Park School,377,Strathclyde,s.5 designated body,0,0,0,0,0,0,0,0,0,0,0,0,0,0,0,0,0,0,0,0,0,0,0,0,0,0,0,0,0,0,0,0,0,0,0,0,0,0,0,0,0,0,0,0,0,0,0,0,0,0,0,0,0,0,0,0,0,0,0,0,0,0,0,0,0,0,0,0,0,0,0,0,0,0,0,0,0,0,0,0,0,0,0,0,0,0,0,0,0,0,0,0,0,0,0,0,0,0,0,0,0,0,0,0,0,0,0,0
Maben House School,378,Dumfries and Galloway,s.5 designated body,0,,,,,,,,,,,,,,,,0,,,,,,,,,,,,,,,,0,0,0,0,0,0,0,0,0,0,0,0,0,0,0,0,0,0,0,0,0,0,0,0,0,0,0,0,0,0,0,0,0,0,0,0,0,0,0,0,0,0,0,0,0,0,0,0,0,0,0,0,0,0,0,0,0,0,0,0,0,0,0,0,0,0,0,0,0,0,0,0,0,0,0,0
Kilmarnock Prison Services Ltd,379,Ayrshire,s.5 designated body,0,0,0,0,0,0,0,0,0,0,0,0,0,0,0,0,0,0,0,0,0,0,0,0,0,0,0,0,0,0,0,0,0,0,0,0,0,0,0,0,0,0,0,0,0,0,0,0,0,0,0,0,0,0,0,0,0,0,0,0,0,0,0,0,0,0,0,0,0,0,0,0,0,0,0,0,0,0,0,0,0,0,0,0,0,0,0,0,0,0,0,0,0,0,0,0,0,0,0,0,0,0,0,0,0,0,0,0
Kibble Education and Care Centre,380,Strathclyde,s.5 designated body,2,0,0,0,0,1,0,0,0,0,0,1,1,0,0,0,0,0,0,0,0,0,0,0,0,0,0,0,0,0,0,0,19,0,0,0,0,0,0,0,0,0,0,0,0,0,0,0,0,0,0,0,0,0,0,0,0,0,0,0,0,0,0,0,0,0,0,0,0,0,0,0,0,0,0,0,0,0,0,0,0,0,0,0,0,0,0,0,0,0,0,0,0,0,0,0,0,0,0,0,0,0,0,0,0,0,0,0
Jordanhill School,381,Strathclyde,s.5 designated body,2,0,0,0,0,2,0,0,0,0,0,1,0,1,0,0,0,0,0,0,0,0,0,0,0,0,0,0,0,0,0,0,0,0,0,0,0,0,0,0,0,0,0,0,0,0,0,0,0,0,0,0,0,0,0,0,0,0,0,0,0,0,0,0,0,0,0,0,0,0,0,0,0,0,0,0,0,0,0,0,0,0,0,0,0,0,0,0,1,0,0,0,0,0,0,0,0,0,0,0,0,0,0,0,0,0,0,0
Serco Ltd,383,Ayrshire,s.5 designated body,4,0,0,0,0,4,0,0,0,0,0,2,0,2,1,0,0,0,0,0,0,0,0,0,0,0,0,0,0,0,0,0,17,0,0,0,0,0,0,0,0,0,0,0,0,0,0,0,0,0,0,0,0,0,0,0,0,0,0,0,0,0,0,0,0,0,0,0,0,0,0,0,0,0,0,0,0,0,0,0,0,0,0,0,0,0,0,0,3,0,0,0,0,0,0,0,0,0,0,0,0,0,0,0,0,0,0,0
HMP Addiewell,384,Lothian and Borders,s.5 designated body,8,0,0,0,0,6,2,0,1,0,1,2,0,4,0,0,0,0,0,0,0,0,0,0,0,0,0,0,0,0,0,0,8,0,0,0,0,0,0,0,0,0,0,0,0,0,0,0,0,0,0,0,0,0,0,0,0,0,0,0,0,0,0,0,0,0,0,1,0,0,0,0,0,0,0,0,0,0,0,0,0,0,0,0,0,0,0,0,0,0,0,0,0,0,0,0,0,0,0,0,0,0,0,0,0,0,0,0
Harmeny Education Trust Limited,385,National,s.5 designated body,0,,,,,,,,,,,,,,,,0,,,,,,,,,,,,,,,,3,0,0,0,0,0,0,0,0,0,0,0,0,0,0,0,0,0,0,0,0,0,0,0,0,0,0,0,0,0,0,0,0,0,0,0,0,0,0,0,0,0,0,0,0,0,0,0,0,0,0,0,0,0,0,0,0,0,0,0,0,0,0,0,0,0,0,0,0,0,0,0,0,0,0,0
Good Shepherd Secure Close Support Unit,386,Strathclyde,s.5 designated body,0,0,0,0,0,0,0,0,0,0,0,0,0,0,0,0,0,0,0,0,0,0,0,0,0,0,0,0,0,0,0,0,0,0,0,0,0,0,0,0,0,0,0,0,0,0,0,0,0,0,0,0,0,0,0,0,0,0,0,0,0,0,0,0,0,0,0,0,0,0,0,0,0,0,0,0,0,0,0,0,0,0,0,0,0,0,0,0,0,0,0,0,0,0,0,0,0,0,0,0,0,0,0,0,0,0,0,0
Falkland House School,387,Fife,s.5 designated body,4,0,0,0,0,4,0,0,0,0,0,3,0,0,1,0,0,0,0,0,0,0,0,0,0,0,0,0,0,0,0,0,0,0,0,0,0,0,0,0,0,0,0,0,0,0,0,0,0,0,0,0,0,0,0,0,0,0,0,0,0,0,0,0,0,0,0,0,0,0,0,0,0,0,0,0,0,0,0,0,0,0,0,0,0,0,0,0,0,0,0,0,0,0,0,0,0,0,0,0,0,0,0,0,0,0,0,0
East Park School,388,Strathclyde,s.5 designated body,,,,,,,,,,,,,,,,,,,,,,,,,,,,,,,,,,0,0,0,0,0,0,0,0,0,0,0,0,0,0,0,0,0,0,0,0,0,0,0,0,0,0,0,0,0,0,0,0,0,0,0,0,0,0,0,0,0,0,0,0,0,0,0,0,0,0,0,0,0,0,0,0,0,0,0,0,0,0,0,0,0,0,0,0,0,0,0,0,0,0,0
Dunedin School,389,Lothian and Borders,s.5 designated body,0,0,0,0,0,0,0,0,0,0,0,0,0,0,0,0,0,0,0,0,0,0,0,0,0,0,0,0,0,0,0,0,0,0,0,0,0,0,0,0,0,0,0,0,0,0,0,0,0,0,0,0,0,0,0,0,0,0,0,0,0,0,0,0,0,0,0,0,0,0,0,0,0,0,0,0,0,0,0,0,0,0,0,0,0,0,0,0,0,0,0,0,0,0,0,0,0,0,0,0,0,0,0,0,0,0,0,0
Donaldsons School,390,Lothian and Borders,s.5 designated body,0,0,0,0,0,0,0,0,0,0,0,0,0,0,0,0,0,0,0,0,0,0,0,0,0,0,0,0,0,0,0,0,1,0,0,0,0,0,0,0,0,0,0,0,0,0,0,0,0,0,0,0,0,0,0,0,0,0,0,0,0,0,0,0,0,0,0,0,0,0,0,0,0,0,0,0,0,0,0,0,0,0,0,0,0,0,0,0,0,0,0,0,0,0,0,0,0,0,0,0,0,0,0,0,0,0,0,0
CrossReach,391,Strathclyde,s.5 designated body,1,0,0,0,0,1,0,0,0,0,0,0,0,1,0,0,0,0,0,0,0,0,0,0,0,0,0,0,0,0,0,0,0,0,0,0,0,0,0,0,0,0,0,0,0,0,0,0,0,0,0,0,0,0,0,0,0,0,0,0,0,0,0,0,0,0,0,1,0,0,0,0,0,0,0,0,0,0,0,0,0,0,0,0,0,0,0,0,0,0,0,0,0,0,0,0,0,0,0,0,0,0,0,0,0,0,0,0
Closeburn House School,392,Dumfries and Galloway,s.5 designated body,0,,,,,,,,,,,,,,,,0,,,,,,,,,,,,,,,,0,0,0,0,0,0,0,0,0,0,0,0,0,0,0,0,0,0,0,0,0,0,0,0,0,0,0,0,0,0,0,0,0,0,0,0,0,0,0,0,0,0,0,0,0,0,0,0,0,0,0,0,0,0,0,0,0,0,0,0,0,0,0,0,0,0,0,0,0,0,0,0,0,0,0,0
Capability Scotland Stanmore House School,393,National,s.5 designated body,0,,,,,,,,,,,,,,,,0,,,,,,,,,,,,,,,,,0,0,0,0,0,0,0,0,0,0,0,0,0,0,0,0,0,0,0,0,0,0,0,0,0,0,0,0,0,0,0,0,0,0,0,0,0,0,0,0,0,0,0,0,0,0,0,0,0,0,0,0,0,0,0,0,0,0,0,0,0,0,0,0,0,0,0,0,0,0,0,0,0,0,0
Capability Scotland Corseford School,394,Strathclyde,s.5 designated body,0,0,0,0,0,0,0,0,0,0,0,0,0,0,0,0,0,0,0,0,0,0,0,0,0,0,0,0,0,0,0,0,0,0,0,0,0,0,0,0,0,0,0,0,0,0,0,0,0,0,0,0,0,0,0,0,0,0,0,0,0,0,0,0,0,0,0,0,0,0,0,0,0,0,0,0,0,0,0,0,0,0,0,0,0,0,0,0,0,0,0,0,0,0,0,0,0,0,0,0,0,0,0,0,0,0,0,0
Camphill Rudolf Steiner School,395,Grampian,s.5 designated body,0,,,,,,,,,,,,,,,,0,,,,,,,,,,,,,,,,0,0,0,0,0,0,0,0,0,0,0,0,0,0,0,0,0,0,0,0,0,0,0,0,0,0,0,0,0,0,0,0,0,0,0,0,0,0,0,0,0,0,0,0,0,0,0,0,0,0,0,0,0,0,0,0,0,0,0,0,0,0,0,0,0,0,0,0,0,0,0,0,0,0,0,0
Aspire (Scotland) Limited,396,Ayrshire,s.5 designated body,0,0,0,0,0,0,0,0,0,0,0,0,0,0,0,0,0,0,0,0,0,0,0,0,0,0,0,0,0,0,0,0,0,0,0,0,0,0,0,0,0,0,0,0,0,0,0,0,0,0,0,0,0,0,0,0,0,0,0,0,0,0,0,0,0,0,0,0,0,0,0,0,0,0,0,0,0,0,0,0,0,0,0,0,0,0,0,0,0,0,0,0,0,0,0,0,0,0,0,0,0,0,0,0,0,0,0,0
Scottish Fiscal Commission,398,National,Non Ministerial Officeholders,3,1,0,0,0,3,0,0,0,0,0,2,0,0,0,0,0,0,0,0,0,0,0,0,0,0,0,0,0,0,0,0,0,0,0,0,0,0,0,0,0,0,0,0,0,0,0,0,0,0,0,0,0,0,0,0,0,0,0,0,0,0,0,0,0,0,0,0,0,0,0,0,0,0,0,0,0,0,0,0,0,0,0,0,0,0,0,0,0,0,0,0,0,0,0,0,0,0,0,0,0,0,0,0,0,0,0,0
Scottish Land Commission,399,National,Others e.g. NDPBs,4,0,0,0,0,4,0,0,0,0,0,4,0,0,0,0,0,0,0,0,0,0,0,0,0,0,0,0,0,0,0,0,0,0,0,0,0,0,0,0,0,0,0,0,0,0,0,0,0,0,0,0,0,0,0,0,0,0,0,0,0,0,0,0,0,0,0,0,0,0,0,0,0,0,0,0,0,0,0,0,0,0,0,0,0,0,0,0,0,0,0,0,0,0,0,0,0,0,0,0,0,0,0,0,0,0,0,0
Community Justice Scotland,400,National,Others e.g. NDPBs,9,0,0,0,0,7,0,0,0,0,0,6,0,1,2,0,0,0,0,0,0,0,0,0,0,0,0,0,0,0,0,0,0,0,0,0,0,0,0,0,0,0,0,0,0,0,0,0,0,0,0,0,0,0,0,0,0,0,0,0,0,0,0,0,0,0,0,0,0,0,0,0,0,0,0,0,0,0,0,0,0,0,0,0,0,0,0,0,0,0,0,0,0,0,0,0,0,0,0,0,0,0,0,0,0,0,0,0
Crown Estate Scotland,401,National,Others e.g. NDPBs,10,2,0,0,0,9,1,0,0,0,0,7,0,2,0,0,15,0,0,0,0,15,0,0,0,0,1,8,0,6,1,0,0,1,1,0,0,1,0,0,1,1,0,0,1,0,0,0,0,0,0,0,0,0,0,0,0,0,0,0,0,0,0,0,0,0,0,0,0,0,0,0,0,0,0,0,0,0,0,0,0,0,0,0,0,0,0,0,1,0,0,0,15,0,0,0,0,0,0,0,0,1,1,0,0,0,4,0
Horsecross Arts Ltd,402,Tayside,s.5 designated body,0,0,0,0,0,0,0,0,0,0,0,0,0,0,0,0,0,0,0,0,0,0,0,0,0,0,0,0,0,0,0,0,0,0,0,0,0,0,0,0,0,0,0,0,0,0,,,,,,,,,,,,,,,,,,,,,,,,,,,,,,,,,,,,,,,,,,,,,,,,,,,,,,,,,,,,,,
Pickaquoy Centre Trust,403,Highland and Islands,s.5 designated body,0,0,0,0,0,0,0,0,0,0,0,0,0,0,0,0,0,0,0,0,0,0,0,0,0,0,0,0,0,0,0,0,0,,,,,,,,,,,,,,,,,,,,,,,,,,,,,,,,,,,,,,,,,,,,,,,,,,,,,,,,,,,,,,,,,,,,,,,,,,,
